dataset,selector,seed,fold,n_selected,outer_error,outer_balanced_error,majority_baseline,inner_error,hypervolume,front_size,n_evaluations,selection_precision,selection_recall,realised_fdr
synthetic_n120_p2000_k10,NSGA-II,20260914,0,15,0.5,0.5034965034965035,0.47916666666666663,0.17708333333333334,0.8152083333333333,8,872,0.06666666666666667,0.1,0.9333333333333333
synthetic_n120_p2000_k10,NSGA-II,20260914,1,11,0.5416666666666666,0.548951048951049,0.47916666666666663,0.13541666666666666,0.8578125,6,888,0.18181818181818182,0.2,0.8181818181818181
synthetic_n120_p2000_k10,NSGA-II,20260914,2,24,0.6666666666666666,0.6573426573426573,0.47916666666666663,0.15625,0.8306770833333332,14,898,0.0,0.0,1.0
synthetic_n120_p2000_k10,NSGA-II,20260914,3,18,0.375,0.375,0.46875,0.17708333333333334,0.8111458333333335,13,893,0.0,0.0,1.0
synthetic_n120_p2000_k10,NSGA-II,20260914,4,26,0.4166666666666667,0.4166666666666667,0.46875,0.13541666666666666,0.8477083333333333,11,895,0.0,0.0,1.0
synthetic_n120_p2000_k10,NSGA-II,20260915,0,13,0.2916666666666667,0.2972027972027972,0.47916666666666663,0.20833333333333334,0.7836979166666668,7,889,0.0,0.0,1.0
synthetic_n120_p2000_k10,NSGA-II,20260915,1,13,0.5833333333333334,0.5874125874125874,0.47916666666666663,0.1875,0.8043229166666666,11,897,0.0,0.0,1.0
synthetic_n120_p2000_k10,NSGA-II,20260915,2,6,0.2916666666666667,0.30419580419580416,0.47916666666666663,0.20833333333333334,0.7853125,10,868,0.0,0.0,1.0
synthetic_n120_p2000_k10,NSGA-II,20260915,3,35,0.7083333333333334,0.7083333333333333,0.46875,0.15625,0.8296354166666666,11,887,0.02857142857142857,0.1,0.9714285714285714
synthetic_n120_p2000_k10,NSGA-II,20260915,4,14,0.5416666666666666,0.5416666666666667,0.46875,0.20833333333333334,0.78375,6,884,0.0,0.0,1.0
synthetic_n120_p2000_k10,NSGA-II,20260916,0,7,0.625,0.6118881118881119,0.47916666666666663,0.19791666666666666,0.7958333333333334,9,884,0.0,0.0,1.0
synthetic_n120_p2000_k10,NSGA-II,20260916,1,19,0.4583333333333333,0.465034965034965,0.47916666666666663,0.17708333333333334,0.8153645833333333,15,883,0.05263157894736842,0.1,0.9473684210526316
synthetic_n120_p2000_k10,NSGA-II,20260916,2,14,0.375,0.3881118881118881,0.47916666666666663,0.2604166666666667,0.73328125,8,889,0.0,0.0,1.0
synthetic_n120_p2000_k10,NSGA-II,20260916,3,9,0.4166666666666667,0.4166666666666667,0.46875,0.17708333333333334,0.8158854166666666,6,884,0.0,0.0,1.0
synthetic_n120_p2000_k10,NSGA-II,20260916,4,8,0.5,0.5,0.46875,0.19791666666666666,0.7960416666666664,7,880,0.0,0.0,1.0
synthetic_n120_p2000_k10,NSGA-II,20260917,0,23,0.25,0.26573426573426573,0.47916666666666663,0.13541666666666666,0.8508854166666665,14,894,0.13043478260869565,0.3,0.8695652173913043
synthetic_n120_p2000_k10,NSGA-II,20260917,1,17,0.5416666666666666,0.548951048951049,0.47916666666666663,0.16666666666666666,0.8233333333333334,12,888,0.058823529411764705,0.1,0.9411764705882353
synthetic_n120_p2000_k10,NSGA-II,20260917,2,29,0.5416666666666666,0.5419580419580419,0.47916666666666663,0.1875,0.8040104166666667,14,885,0.0,0.0,1.0
synthetic_n120_p2000_k10,NSGA-II,20260917,3,7,0.2916666666666667,0.2916666666666667,0.46875,0.19791666666666666,0.7951041666666667,7,886,0.14285714285714285,0.1,0.8571428571428572
synthetic_n120_p2000_k10,NSGA-II,20260917,4,16,0.4166666666666667,0.41666666666666663,0.46875,0.125,0.8629687500000001,14,888,0.0,0.0,1.0
synthetic_n120_p2000_k10,NSGA-II,20260918,0,9,0.4166666666666667,0.4125874125874126,0.47916666666666663,0.1875,0.8055208333333334,6,884,0.1111111111111111,0.1,0.8888888888888888
synthetic_n120_p2000_k10,NSGA-II,20260918,1,15,0.3333333333333333,0.3356643356643357,0.47916666666666663,0.19791666666666666,0.7953645833333333,8,884,0.0,0.0,1.0
synthetic_n120_p2000_k10,NSGA-II,20260918,2,5,0.5416666666666666,0.5419580419580419,0.47916666666666663,0.22916666666666666,0.765625,7,888,0.0,0.0,1.0
synthetic_n120_p2000_k10,NSGA-II,20260918,3,19,0.4583333333333333,0.45833333333333337,0.46875,0.20833333333333334,0.7822916666666667,11,884,0.0,0.0,1.0
synthetic_n120_p2000_k10,NSGA-II,20260918,4,7,0.5,0.5,0.46875,0.19791666666666666,0.7967708333333333,6,886,0.0,0.0,1.0
synthetic_n120_p2000_k10,NSGA-II,20260919,0,9,0.4166666666666667,0.42657342657342656,0.47916666666666663,0.17708333333333334,0.8152083333333333,13,891,0.1111111111111111,0.1,0.8888888888888888
synthetic_n120_p2000_k10,NSGA-II,20260919,1,8,0.5,0.5104895104895105,0.47916666666666663,0.23958333333333334,0.7553125,8,880,0.125,0.1,0.875
synthetic_n120_p2000_k10,NSGA-II,20260919,2,24,0.4583333333333333,0.458041958041958,0.47916666666666663,0.21875,0.7728645833333334,6,896,0.0,0.0,1.0
synthetic_n120_p2000_k10,NSGA-II,20260919,3,22,0.5,0.5,0.46875,0.1875,0.7984375,12,895,0.045454545454545456,0.1,0.9545454545454546
synthetic_n120_p2000_k10,NSGA-II,20260919,4,15,0.5,0.5,0.46875,0.17708333333333334,0.8143749999999998,5,890,0.0,0.0,1.0
synthetic_n120_p2000_k10,NSGA-II,20260920,0,21,0.5416666666666666,0.5419580419580419,0.47916666666666663,0.1875,0.80359375,8,886,0.09523809523809523,0.2,0.9047619047619048
synthetic_n120_p2000_k10,NSGA-II,20260920,1,6,0.5416666666666666,0.5419580419580419,0.47916666666666663,0.16666666666666666,0.8276041666666666,4,889,0.0,0.0,1.0
synthetic_n120_p2000_k10,NSGA-II,20260920,2,7,0.3333333333333333,0.32867132867132864,0.47916666666666663,0.1875,0.8054166666666667,11,889,0.14285714285714285,0.1,0.8571428571428572
synthetic_n120_p2000_k10,NSGA-II,20260920,3,21,0.4166666666666667,0.4166666666666667,0.46875,0.15625,0.828489583333333,11,896,0.0,0.0,1.0
synthetic_n120_p2000_k10,NSGA-II,20260920,4,18,0.5416666666666666,0.5416666666666666,0.46875,0.19791666666666666,0.7917187499999999,8,894,0.0,0.0,1.0
synthetic_n120_p2000_k10,NSGA-II,20260921,0,9,0.5,0.5174825174825175,0.47916666666666663,0.16666666666666666,0.8251041666666667,10,882,0.0,0.0,1.0
synthetic_n120_p2000_k10,NSGA-II,20260921,1,11,0.4583333333333333,0.458041958041958,0.47916666666666663,0.16666666666666666,0.8254687499999999,11,884,0.0,0.0,1.0
synthetic_n120_p2000_k10,NSGA-II,20260921,2,13,0.375,0.37412587412587417,0.47916666666666663,0.1875,0.80359375,10,887,0.0,0.0,1.0
synthetic_n120_p2000_k10,NSGA-II,20260921,3,22,0.5,0.5,0.46875,0.16666666666666666,0.82,15,889,0.0,0.0,1.0
synthetic_n120_p2000_k10,NSGA-II,20260921,4,31,0.4166666666666667,0.41666666666666663,0.46875,0.14583333333333334,0.8415104166666667,11,892,0.03225806451612903,0.1,0.967741935483871
synthetic_n120_p2000_k10,NSGA-II,20260922,0,34,0.2916666666666667,0.27622377622377625,0.47916666666666663,0.21875,0.7706249999999998,9,896,0.029411764705882353,0.1,0.9705882352941176
synthetic_n120_p2000_k10,NSGA-II,20260922,1,35,0.4166666666666667,0.40559440559440557,0.47916666666666663,0.1875,0.7997395833333332,9,892,0.02857142857142857,0.1,0.9714285714285714
synthetic_n120_p2000_k10,NSGA-II,20260922,2,12,0.4583333333333333,0.45104895104895104,0.47916666666666663,0.19791666666666666,0.79390625,12,887,0.0,0.0,1.0
synthetic_n120_p2000_k10,NSGA-II,20260922,3,11,0.5416666666666666,0.5416666666666667,0.46875,0.15625,0.8349479166666665,10,888,0.0,0.0,1.0
synthetic_n120_p2000_k10,NSGA-II,20260922,4,12,0.5833333333333334,0.5833333333333333,0.46875,0.16666666666666666,0.82609375,7,889,0.08333333333333333,0.1,0.9166666666666666
synthetic_n120_p2000_k10,NSGA-II,20260923,0,17,0.2916666666666667,0.2972027972027972,0.47916666666666663,0.16666666666666666,0.8208854166666665,12,894,0.058823529411764705,0.1,0.9411764705882353
synthetic_n120_p2000_k10,NSGA-II,20260923,1,18,0.4166666666666667,0.40559440559440557,0.47916666666666663,0.20833333333333334,0.7827083333333332,7,882,0.0,0.0,1.0
synthetic_n120_p2000_k10,NSGA-II,20260923,2,12,0.5,0.5034965034965035,0.47916666666666663,0.10416666666666667,0.8868229166666666,14,886,0.25,0.3,0.75
synthetic_n120_p2000_k10,NSGA-II,20260923,3,11,0.2916666666666667,0.29166666666666663,0.46875,0.15625,0.8342708333333332,12,879,0.2727272727272727,0.3,0.7272727272727273
synthetic_n120_p2000_k10,NSGA-II,20260923,4,16,0.4583333333333333,0.4583333333333333,0.46875,0.21875,0.7740104166666665,9,894,0.0625,0.1,0.9375
synthetic_n120_p2000_k10,NSGA-III,20260914,0,12,0.375,0.36713286713286714,0.47916666666666663,0.20833333333333334,0.7841145833333333,6,898,0.0,0.0,1.0
synthetic_n120_p2000_k10,NSGA-III,20260914,1,8,0.5,0.5104895104895105,0.47916666666666663,0.20833333333333334,0.785,5,890,0.0,0.0,1.0
synthetic_n120_p2000_k10,NSGA-III,20260914,2,16,0.5416666666666666,0.5419580419580419,0.47916666666666663,0.17708333333333334,0.8122916666666666,8,895,0.0,0.0,1.0
synthetic_n120_p2000_k10,NSGA-III,20260914,3,10,0.375,0.375,0.46875,0.23958333333333334,0.7545833333333333,7,894,0.0,0.0,1.0
synthetic_n120_p2000_k10,NSGA-III,20260914,4,11,0.4583333333333333,0.45833333333333337,0.46875,0.1875,0.80578125,7,891,0.0,0.0,1.0
synthetic_n120_p2000_k10,NSGA-III,20260915,0,7,0.5,0.49650349650349646,0.47916666666666663,0.25,0.7446875000000002,5,879,0.0,0.0,1.0
synthetic_n120_p2000_k10,NSGA-III,20260915,1,10,0.5,0.5104895104895105,0.47916666666666663,0.17708333333333334,0.8152083333333333,6,891,0.0,0.0,1.0
synthetic_n120_p2000_k10,NSGA-III,20260915,2,6,0.4583333333333333,0.465034965034965,0.47916666666666663,0.16666666666666666,0.82671875,5,885,0.16666666666666666,0.1,0.8333333333333334
synthetic_n120_p2000_k10,NSGA-III,20260915,3,11,0.4583333333333333,0.45833333333333337,0.46875,0.20833333333333334,0.783125,4,886,0.0,0.0,1.0
synthetic_n120_p2000_k10,NSGA-III,20260915,4,6,0.5,0.5,0.46875,0.25,0.7447916666666666,6,896,0.16666666666666666,0.1,0.8333333333333334
synthetic_n120_p2000_k10,NSGA-III,20260916,0,10,0.5,0.48951048951048953,0.47916666666666663,0.20833333333333334,0.7851041666666665,6,891,0.0,0.0,1.0
synthetic_n120_p2000_k10,NSGA-III,20260916,1,6,0.3333333333333333,0.34265734265734266,0.47916666666666663,0.16666666666666666,0.82625,5,898,0.5,0.3,0.5
synthetic_n120_p2000_k10,NSGA-III,20260916,2,6,0.2916666666666667,0.2902097902097902,0.47916666666666663,0.19791666666666666,0.7968229166666666,4,881,0.16666666666666666,0.1,0.8333333333333334
synthetic_n120_p2000_k10,NSGA-III,20260916,3,6,0.4166666666666667,0.41666666666666663,0.46875,0.21875,0.7753645833333332,5,893,0.16666666666666666,0.1,0.8333333333333334
synthetic_n120_p2000_k10,NSGA-III,20260916,4,9,0.4166666666666667,0.41666666666666663,0.46875,0.21875,0.7738541666666667,6,891,0.0,0.0,1.0
synthetic_n120_p2000_k10,NSGA-III,20260917,0,12,0.2916666666666667,0.30419580419580416,0.47916666666666663,0.19791666666666666,0.7911458333333332,8,895,0.16666666666666666,0.2,0.8333333333333334
synthetic_n120_p2000_k10,NSGA-III,20260917,1,7,0.5,0.5174825174825175,0.47916666666666663,0.15625,0.8352083333333332,6,897,0.14285714285714285,0.1,0.8571428571428572
synthetic_n120_p2000_k10,NSGA-III,20260917,2,14,0.5416666666666666,0.5419580419580419,0.47916666666666663,0.17708333333333334,0.8109895833333334,3,892,0.07142857142857142,0.1,0.9285714285714286
synthetic_n120_p2000_k10,NSGA-III,20260917,3,11,0.5416666666666666,0.5416666666666666,0.46875,0.1875,0.8055729166666666,7,882,0.18181818181818182,0.2,0.8181818181818181
synthetic_n120_p2000_k10,NSGA-III,20260917,4,10,0.5416666666666666,0.5416666666666667,0.46875,0.20833333333333334,0.7852083333333334,6,875,0.1,0.1,0.9
synthetic_n120_p2000_k10,NSGA-III,20260918,0,7,0.5,0.5034965034965035,0.47916666666666663,0.19791666666666666,0.7955208333333333,4,892,0.0,0.0,1.0
synthetic_n120_p2000_k10,NSGA-III,20260918,1,12,0.4583333333333333,0.45104895104895104,0.47916666666666663,0.19791666666666666,0.7913541666666667,7,889,0.0,0.0,1.0
synthetic_n120_p2000_k10,NSGA-III,20260918,2,5,0.4583333333333333,0.465034965034965,0.47916666666666663,0.25,0.7450520833333334,4,889,0.0,0.0,1.0
synthetic_n120_p2000_k10,NSGA-III,20260918,3,5,0.5,0.5,0.46875,0.21875,0.7762499999999999,5,895,0.0,0.0,1.0
synthetic_n120_p2000_k10,NSGA-III,20260918,4,5,0.5833333333333334,0.5833333333333334,0.46875,0.21875,0.775625,4,895,0.2,0.1,0.8
synthetic_n120_p2000_k10,NSGA-III,20260919,0,8,0.5833333333333334,0.5874125874125874,0.47916666666666663,0.22916666666666666,0.76390625,4,883,0.0,0.0,1.0
synthetic_n120_p2000_k10,NSGA-III,20260919,1,9,0.4583333333333333,0.458041958041958,0.47916666666666663,0.19791666666666666,0.7958854166666668,7,894,0.2222222222222222,0.2,0.7777777777777778
synthetic_n120_p2000_k10,NSGA-III,20260919,2,9,0.5,0.49650349650349646,0.47916666666666663,0.23958333333333334,0.7544270833333333,6,880,0.0,0.0,1.0
synthetic_n120_p2000_k10,NSGA-III,20260919,3,19,0.5,0.5,0.46875,0.21875,0.775,6,893,0.10526315789473684,0.2,0.8947368421052632
synthetic_n120_p2000_k10,NSGA-III,20260919,4,9,0.3333333333333333,0.3333333333333333,0.46875,0.19791666666666666,0.7956770833333333,3,891,0.0,0.0,1.0
synthetic_n120_p2000_k10,NSGA-III,20260920,0,8,0.4583333333333333,0.45104895104895104,0.47916666666666663,0.21875,0.7749479166666666,8,885,0.0,0.0,1.0
synthetic_n120_p2000_k10,NSGA-III,20260920,1,10,0.375,0.3601398601398601,0.47916666666666663,0.1875,0.8056249999999999,6,894,0.2,0.2,0.8
synthetic_n120_p2000_k10,NSGA-III,20260920,2,6,0.5,0.5034965034965035,0.47916666666666663,0.20833333333333334,0.7857291666666665,5,886,0.0,0.0,1.0
synthetic_n120_p2000_k10,NSGA-III,20260920,3,8,0.5833333333333334,0.5833333333333333,0.46875,0.20833333333333334,0.7848958333333333,6,897,0.125,0.1,0.875
synthetic_n120_p2000_k10,NSGA-III,20260920,4,14,0.5,0.5,0.46875,0.20833333333333334,0.7848958333333333,7,882,0.07142857142857142,0.1,0.9285714285714286
synthetic_n120_p2000_k10,NSGA-III,20260921,0,12,0.4166666666666667,0.4405594405594406,0.47916666666666663,0.1875,0.8057291666666666,5,890,0.08333333333333333,0.1,0.9166666666666666
synthetic_n120_p2000_k10,NSGA-III,20260921,1,9,0.4583333333333333,0.465034965034965,0.47916666666666663,0.19791666666666666,0.7958333333333334,5,887,0.0,0.0,1.0
synthetic_n120_p2000_k10,NSGA-III,20260921,2,6,0.5,0.49650349650349646,0.47916666666666663,0.22916666666666666,0.7655208333333334,4,896,0.0,0.0,1.0
synthetic_n120_p2000_k10,NSGA-III,20260921,3,5,0.4166666666666667,0.4166666666666667,0.46875,0.22916666666666666,0.7652083333333334,4,892,0.2,0.1,0.8
synthetic_n120_p2000_k10,NSGA-III,20260921,4,14,0.375,0.375,0.46875,0.1875,0.8042187500000001,9,885,0.07142857142857142,0.1,0.9285714285714286
synthetic_n120_p2000_k10,NSGA-III,20260922,0,10,0.3333333333333333,0.32867132867132864,0.47916666666666663,0.16666666666666666,0.8246874999999999,6,892,0.0,0.0,1.0
synthetic_n120_p2000_k10,NSGA-III,20260922,1,39,0.4583333333333333,0.458041958041958,0.47916666666666663,0.20833333333333334,0.7822395833333334,9,893,0.05128205128205128,0.2,0.9487179487179487
synthetic_n120_p2000_k10,NSGA-III,20260922,2,9,0.375,0.3881118881118881,0.47916666666666663,0.21875,0.7745833333333334,8,888,0.1111111111111111,0.1,0.8888888888888888
synthetic_n120_p2000_k10,NSGA-III,20260922,3,5,0.5,0.5,0.46875,0.20833333333333334,0.7862500000000001,5,891,0.0,0.0,1.0
synthetic_n120_p2000_k10,NSGA-III,20260922,4,5,0.4166666666666667,0.41666666666666663,0.46875,0.19791666666666666,0.7963541666666666,5,881,0.2,0.1,0.8
synthetic_n120_p2000_k10,NSGA-III,20260923,0,7,0.3333333333333333,0.34965034965034963,0.47916666666666663,0.1875,0.8052604166666667,6,878,0.2857142857142857,0.2,0.7142857142857143
synthetic_n120_p2000_k10,NSGA-III,20260923,1,11,0.4166666666666667,0.4195804195804196,0.47916666666666663,0.13541666666666666,0.8550520833333332,7,895,0.09090909090909091,0.1,0.9090909090909091
synthetic_n120_p2000_k10,NSGA-III,20260923,2,9,0.4166666666666667,0.42657342657342656,0.47916666666666663,0.125,0.8661979166666668,7,886,0.2222222222222222,0.2,0.7777777777777778
synthetic_n120_p2000_k10,NSGA-III,20260923,3,14,0.5416666666666666,0.5416666666666667,0.46875,0.19791666666666666,0.7945312500000001,9,894,0.0,0.0,1.0
synthetic_n120_p2000_k10,NSGA-III,20260923,4,7,0.4583333333333333,0.45833333333333337,0.46875,0.19791666666666666,0.7956770833333333,4,892,0.14285714285714285,0.1,0.8571428571428572
synthetic_n120_p2000_k10,Random subsets,20260914,0,17,0.4583333333333333,0.458041958041958,0.47916666666666663,0.3125,0.6794791666666667,6,900,0.058823529411764705,0.1,0.9411764705882353
synthetic_n120_p2000_k10,Random subsets,20260914,1,65,0.4583333333333333,0.458041958041958,0.47916666666666663,0.2604166666666667,0.7221354166666667,3,900,0.015384615384615385,0.1,0.9846153846153847
synthetic_n120_p2000_k10,Random subsets,20260914,2,28,0.4166666666666667,0.40559440559440557,0.47916666666666663,0.28125,0.7065624999999999,3,900,0.03571428571428571,0.1,0.9642857142857143
synthetic_n120_p2000_k10,Random subsets,20260914,3,9,0.4166666666666667,0.4166666666666667,0.46875,0.3125,0.6801041666666666,3,900,0.1111111111111111,0.1,0.8888888888888888
synthetic_n120_p2000_k10,Random subsets,20260914,4,32,0.5,0.5,0.46875,0.2916666666666667,0.69734375,4,900,0.03125,0.1,0.96875
synthetic_n120_p2000_k10,Random subsets,20260915,0,9,0.375,0.3881118881118881,0.47916666666666663,0.3020833333333333,0.6893229166666666,4,900,0.1111111111111111,0.1,0.8888888888888888
synthetic_n120_p2000_k10,Random subsets,20260915,1,61,0.5416666666666666,0.548951048951049,0.47916666666666663,0.25,0.7256770833333334,4,900,0.03278688524590164,0.2,0.9672131147540983
synthetic_n120_p2000_k10,Random subsets,20260915,2,21,0.625,0.6328671328671329,0.47916666666666663,0.2916666666666667,0.6983854166666668,4,900,0.0,0.0,1.0
synthetic_n120_p2000_k10,Random subsets,20260915,3,23,0.4583333333333333,0.45833333333333337,0.46875,0.2916666666666667,0.6978645833333333,3,900,0.0,0.0,1.0
synthetic_n120_p2000_k10,Random subsets,20260915,4,98,0.4583333333333333,0.45833333333333337,0.46875,0.2916666666666667,0.6951562499999999,3,900,0.0,0.0,1.0
synthetic_n120_p2000_k10,Random subsets,20260916,0,17,0.5,0.49650349650349646,0.47916666666666663,0.2916666666666667,0.69875,3,900,0.0,0.0,1.0
synthetic_n120_p2000_k10,Random subsets,20260916,1,87,0.5833333333333334,0.5804195804195804,0.47916666666666663,0.23958333333333334,0.7248958333333334,4,900,0.0,0.0,1.0
synthetic_n120_p2000_k10,Random subsets,20260916,2,95,0.4166666666666667,0.4125874125874126,0.47916666666666663,0.3229166666666667,0.66546875,2,900,0.0,0.0,1.0
synthetic_n120_p2000_k10,Random subsets,20260916,3,6,0.375,0.375,0.46875,0.34375,0.6494791666666666,2,900,0.0,0.0,1.0
synthetic_n120_p2000_k10,Random subsets,20260916,4,38,0.4166666666666667,0.4166666666666667,0.46875,0.2708333333333333,0.7164062499999999,6,900,0.0,0.0,1.0
synthetic_n120_p2000_k10,Random subsets,20260917,0,22,0.6666666666666666,0.6713286713286714,0.47916666666666663,0.28125,0.7053125000000001,4,900,0.0,0.0,1.0
synthetic_n120_p2000_k10,Random subsets,20260917,1,43,0.25,0.23076923076923078,0.47916666666666663,0.28125,0.7064583333333332,3,900,0.023255813953488372,0.1,0.9767441860465116
synthetic_n120_p2000_k10,Random subsets,20260917,2,10,0.25,0.24475524475524477,0.47916666666666663,0.3020833333333333,0.6891145833333334,4,900,0.1,0.1,0.9
synthetic_n120_p2000_k10,Random subsets,20260917,3,55,0.4166666666666667,0.41666666666666663,0.46875,0.3020833333333333,0.6847916666666666,5,900,0.03636363636363636,0.2,0.9636363636363636
synthetic_n120_p2000_k10,Random subsets,20260917,4,92,0.3333333333333333,0.33333333333333337,0.46875,0.2916666666666667,0.6921875,5,900,0.010869565217391304,0.1,0.9891304347826086
synthetic_n120_p2000_k10,Random subsets,20260918,0,7,0.375,0.3881118881118881,0.47916666666666663,0.3333333333333333,0.6597395833333334,3,900,0.0,0.0,1.0
synthetic_n120_p2000_k10,Random subsets,20260918,1,8,0.375,0.37412587412587417,0.47916666666666663,0.2708333333333333,0.7201562499999999,4,900,0.0,0.0,1.0
synthetic_n120_p2000_k10,Random subsets,20260918,2,17,0.4166666666666667,0.43356643356643354,0.47916666666666663,0.2916666666666667,0.698125,6,900,0.058823529411764705,0.1,0.9411764705882353
synthetic_n120_p2000_k10,Random subsets,20260918,3,2,0.5,0.5,0.46875,0.3229166666666667,0.6703124999999999,1,900,0.0,0.0,1.0
synthetic_n120_p2000_k10,Random subsets,20260918,4,15,0.375,0.375,0.46875,0.2708333333333333,0.7180208333333333,5,900,0.06666666666666667,0.1,0.9333333333333333
synthetic_n120_p2000_k10,Random subsets,20260919,0,10,0.7083333333333334,0.7097902097902098,0.47916666666666663,0.2916666666666667,0.6999999999999998,3,900,0.0,0.0,1.0
synthetic_n120_p2000_k10,Random subsets,20260919,1,97,0.4166666666666667,0.4195804195804196,0.47916666666666663,0.28125,0.705625,6,900,0.010309278350515464,0.1,0.9896907216494846
synthetic_n120_p2000_k10,Random subsets,20260919,2,70,0.5,0.49650349650349646,0.47916666666666663,0.28125,0.6961979166666666,7,900,0.0,0.0,1.0
synthetic_n120_p2000_k10,Random subsets,20260919,3,7,0.375,0.375,0.46875,0.28125,0.7108854166666667,4,900,0.0,0.0,1.0
synthetic_n120_p2000_k10,Random subsets,20260919,4,12,0.4166666666666667,0.4166666666666667,0.46875,0.28125,0.7096875,4,900,0.16666666666666666,0.2,0.8333333333333334
synthetic_n120_p2000_k10,Random subsets,20260920,0,76,0.4166666666666667,0.40559440559440557,0.47916666666666663,0.2604166666666667,0.7219791666666667,4,900,0.0,0.0,1.0
synthetic_n120_p2000_k10,Random subsets,20260920,1,15,0.4166666666666667,0.42657342657342656,0.47916666666666663,0.3229166666666667,0.6691145833333334,5,900,0.0,0.0,1.0
synthetic_n120_p2000_k10,Random subsets,20260920,2,57,0.375,0.3601398601398601,0.47916666666666663,0.2708333333333333,0.7131770833333332,3,900,0.0,0.0,1.0
synthetic_n120_p2000_k10,Random subsets,20260920,3,38,0.2916666666666667,0.2916666666666667,0.46875,0.3020833333333333,0.68859375,3,900,0.0,0.0,1.0
synthetic_n120_p2000_k10,Random subsets,20260920,4,5,0.4583333333333333,0.45833333333333337,0.46875,0.3020833333333333,0.69046875,4,900,0.0,0.0,1.0
synthetic_n120_p2000_k10,Random subsets,20260921,0,12,0.5416666666666666,0.548951048951049,0.47916666666666663,0.2708333333333333,0.7196874999999998,3,900,0.0,0.0,1.0
synthetic_n120_p2000_k10,Random subsets,20260921,1,3,0.4166666666666667,0.43356643356643354,0.47916666666666663,0.28125,0.7111979166666667,2,900,0.0,0.0,1.0
synthetic_n120_p2000_k10,Random subsets,20260921,2,22,0.5,0.48951048951048953,0.47916666666666663,0.23958333333333334,0.7465625,3,900,0.0,0.0,1.0
synthetic_n120_p2000_k10,Random subsets,20260921,3,8,0.6666666666666666,0.6666666666666667,0.46875,0.3020833333333333,0.68890625,3,900,0.0,0.0,1.0
synthetic_n120_p2000_k10,Random subsets,20260921,4,13,0.5833333333333334,0.5833333333333334,0.46875,0.3020833333333333,0.6893750000000001,3,900,0.0,0.0,1.0
synthetic_n120_p2000_k10,Random subsets,20260922,0,23,0.25,0.24475524475524477,0.47916666666666663,0.2708333333333333,0.7159374999999999,5,900,0.043478260869565216,0.1,0.9565217391304348
synthetic_n120_p2000_k10,Random subsets,20260922,1,28,0.5416666666666666,0.5419580419580419,0.47916666666666663,0.3020833333333333,0.6891666666666667,3,900,0.0,0.0,1.0
synthetic_n120_p2000_k10,Random subsets,20260922,2,93,0.2916666666666667,0.2902097902097902,0.47916666666666663,0.28125,0.7016145833333334,4,900,0.021505376344086023,0.2,0.978494623655914
synthetic_n120_p2000_k10,Random subsets,20260922,3,95,0.4583333333333333,0.4583333333333333,0.46875,0.2604166666666667,0.7071354166666666,3,900,0.021052631578947368,0.2,0.9789473684210527
synthetic_n120_p2000_k10,Random subsets,20260922,4,73,0.5,0.5,0.46875,0.28125,0.7050000000000001,5,900,0.0273972602739726,0.2,0.9726027397260274
synthetic_n120_p2000_k10,Random subsets,20260923,0,5,0.6666666666666666,0.6783216783216783,0.47916666666666663,0.3229166666666667,0.6699479166666668,5,900,0.0,0.0,1.0
synthetic_n120_p2000_k10,Random subsets,20260923,1,7,0.5416666666666666,0.5419580419580419,0.47916666666666663,0.3125,0.6800520833333333,3,900,0.0,0.0,1.0
synthetic_n120_p2000_k10,Random subsets,20260923,2,97,0.4166666666666667,0.42657342657342656,0.47916666666666663,0.28125,0.7047395833333334,3,900,0.0,0.0,1.0
synthetic_n120_p2000_k10,Random subsets,20260923,3,12,0.4166666666666667,0.41666666666666663,0.46875,0.2604166666666667,0.7295833333333333,4,900,0.0,0.0,1.0
synthetic_n120_p2000_k10,Random subsets,20260923,4,72,0.5,0.5,0.46875,0.3020833333333333,0.6870312500000001,4,900,0.0,0.0,1.0
synthetic_n120_p2000_k10,t-test + BH,20260914,0,100,0.3333333333333333,0.34265734265734266,0.47916666666666663,0.10416666666666667,0.8719270833333334,5,8,0.08,0.8,0.92
synthetic_n120_p2000_k10,t-test + BH,20260914,1,100,0.4166666666666667,0.43356643356643354,0.47916666666666663,0.03125,0.9146875000000001,5,8,0.06,0.6,0.94
synthetic_n120_p2000_k10,t-test + BH,20260914,2,200,0.5,0.5034965034965035,0.47916666666666663,0.09375,0.86703125,6,9,0.04,0.8,0.96
synthetic_n120_p2000_k10,t-test + BH,20260914,3,50,0.2916666666666667,0.2916666666666667,0.46875,0.0625,0.9152604166666667,6,8,0.14,0.7,0.86
synthetic_n120_p2000_k10,t-test + BH,20260914,4,200,0.5833333333333334,0.5833333333333334,0.46875,0.10416666666666667,0.8567708333333334,6,8,0.045,0.9,0.955
synthetic_n120_p2000_k10,t-test + BH,20260915,0,50,0.4166666666666667,0.4195804195804196,0.47916666666666663,0.041666666666666664,0.92328125,6,8,0.1,0.5,0.9
synthetic_n120_p2000_k10,t-test + BH,20260915,1,100,0.4583333333333333,0.47202797202797203,0.47916666666666663,0.041666666666666664,0.9196354166666666,7,8,0.09,0.9,0.91
synthetic_n120_p2000_k10,t-test + BH,20260915,2,200,0.3333333333333333,0.32867132867132864,0.47916666666666663,0.10416666666666667,0.8716666666666668,6,8,0.03,0.6,0.97
synthetic_n120_p2000_k10,t-test + BH,20260915,3,200,0.4166666666666667,0.4166666666666667,0.46875,0.07291666666666667,0.87921875,6,9,0.04,0.8,0.96
synthetic_n120_p2000_k10,t-test + BH,20260915,4,50,0.375,0.375,0.46875,0.11458333333333333,0.86515625,6,8,0.1,0.5,0.9
synthetic_n120_p2000_k10,t-test + BH,20260916,0,200,0.375,0.38111888111888115,0.47916666666666663,0.0625,0.8949999999999999,7,9,0.045,0.9,0.955
synthetic_n120_p2000_k10,t-test + BH,20260916,1,200,0.5416666666666666,0.534965034965035,0.47916666666666663,0.03125,0.8784895833333333,6,8,0.045,0.9,0.955
synthetic_n120_p2000_k10,t-test + BH,20260916,2,50,0.25,0.25874125874125875,0.47916666666666663,0.052083333333333336,0.9004166666666665,5,8,0.14,0.7,0.86
synthetic_n120_p2000_k10,t-test + BH,20260916,3,200,0.2916666666666667,0.29166666666666663,0.46875,0.10416666666666667,0.8612500000000002,7,8,0.04,0.8,0.96
synthetic_n120_p2000_k10,t-test + BH,20260916,4,100,0.4583333333333333,0.45833333333333337,0.46875,0.052083333333333336,0.9028645833333332,7,9,0.08,0.8,0.92
synthetic_n120_p2000_k10,t-test + BH,20260917,0,200,0.5833333333333334,0.5734265734265734,0.47916666666666663,0.07291666666666667,0.8746354166666667,7,8,0.045,0.9,0.955
synthetic_n120_p2000_k10,t-test + BH,20260917,1,100,0.625,0.6188811188811189,0.47916666666666663,0.07291666666666667,0.8955208333333332,6,9,0.07,0.7,0.9299999999999999
synthetic_n120_p2000_k10,t-test + BH,20260917,2,200,0.375,0.38111888111888115,0.47916666666666663,0.07291666666666667,0.85796875,4,9,0.045,0.9,0.955
synthetic_n120_p2000_k10,t-test + BH,20260917,3,50,0.3333333333333333,0.33333333333333337,0.46875,0.07291666666666667,0.8959374999999999,6,8,0.14,0.7,0.86
synthetic_n120_p2000_k10,t-test + BH,20260917,4,50,0.25,0.25,0.46875,0.08333333333333333,0.8891145833333334,6,8,0.12,0.6,0.88
synthetic_n120_p2000_k10,t-test + BH,20260918,0,50,0.25,0.2517482517482518,0.47916666666666663,0.10416666666666667,0.8722916666666666,6,8,0.1,0.5,0.9
synthetic_n120_p2000_k10,t-test + BH,20260918,1,200,0.5,0.48951048951048953,0.47916666666666663,0.07291666666666667,0.87359375,6,8,0.045,0.9,0.955
synthetic_n120_p2000_k10,t-test + BH,20260918,2,200,0.4166666666666667,0.4195804195804196,0.47916666666666663,0.052083333333333336,0.8598958333333333,7,8,0.045,0.9,0.955
synthetic_n120_p2000_k10,t-test + BH,20260918,3,200,0.2916666666666667,0.2916666666666667,0.46875,0.0625,0.8906250000000001,7,9,0.045,0.9,0.955
synthetic_n120_p2000_k10,t-test + BH,20260918,4,50,0.5,0.5,0.46875,0.041666666666666664,0.9355729166666666,6,8,0.1,0.5,0.9
synthetic_n120_p2000_k10,t-test + BH,20260919,0,200,0.6666666666666666,0.6643356643356644,0.47916666666666663,0.07291666666666667,0.8905208333333332,6,8,0.035,0.7,0.965
synthetic_n120_p2000_k10,t-test + BH,20260919,1,200,0.375,0.38111888111888115,0.47916666666666663,0.07291666666666667,0.8872916666666666,7,8,0.045,0.9,0.955
synthetic_n120_p2000_k10,t-test + BH,20260919,2,100,0.3333333333333333,0.32867132867132864,0.47916666666666663,0.13541666666666666,0.8185416666666668,4,8,0.08,0.8,0.92
synthetic_n120_p2000_k10,t-test + BH,20260919,3,100,0.20833333333333334,0.20833333333333331,0.46875,0.052083333333333336,0.9116666666666668,6,8,0.07,0.7,0.9299999999999999
synthetic_n120_p2000_k10,t-test + BH,20260919,4,100,0.2916666666666667,0.29166666666666663,0.46875,0.03125,0.9196354166666667,7,9,0.06,0.6,0.94
synthetic_n120_p2000_k10,t-test + BH,20260920,0,100,0.5416666666666666,0.5279720279720279,0.47916666666666663,0.0625,0.8845833333333334,5,8,0.07,0.7,0.9299999999999999
synthetic_n120_p2000_k10,t-test + BH,20260920,1,100,0.3333333333333333,0.34965034965034963,0.47916666666666663,0.08333333333333333,0.88296875,3,8,0.09,0.9,0.91
synthetic_n120_p2000_k10,t-test + BH,20260920,2,200,0.3333333333333333,0.32867132867132864,0.47916666666666663,0.08333333333333333,0.8484375,7,8,0.04,0.8,0.96
synthetic_n120_p2000_k10,t-test + BH,20260920,3,100,0.3333333333333333,0.33333333333333337,0.46875,0.03125,0.9366666666666665,7,8,0.06,0.6,0.94
synthetic_n120_p2000_k10,t-test + BH,20260920,4,50,0.3333333333333333,0.3333333333333333,0.46875,0.052083333333333336,0.9191666666666668,6,8,0.12,0.6,0.88
synthetic_n120_p2000_k10,t-test + BH,20260921,0,100,0.4166666666666667,0.4125874125874126,0.47916666666666663,0.03125,0.9350520833333333,6,8,0.07,0.7,0.9299999999999999
synthetic_n120_p2000_k10,t-test + BH,20260921,1,100,0.4583333333333333,0.458041958041958,0.47916666666666663,0.09375,0.8831770833333334,8,9,0.06,0.6,0.94
synthetic_n120_p2000_k10,t-test + BH,20260921,2,100,0.4166666666666667,0.4195804195804196,0.47916666666666663,0.07291666666666667,0.8840624999999999,6,8,0.09,0.9,0.91
synthetic_n120_p2000_k10,t-test + BH,20260921,3,100,0.2916666666666667,0.29166666666666663,0.46875,0.08333333333333333,0.8797395833333335,5,8,0.07,0.7,0.9299999999999999
synthetic_n120_p2000_k10,t-test + BH,20260921,4,200,0.5,0.5,0.46875,0.07291666666666667,0.8796354166666667,7,8,0.045,0.9,0.955
synthetic_n120_p2000_k10,t-test + BH,20260922,0,200,0.3333333333333333,0.32867132867132864,0.47916666666666663,0.07291666666666667,0.8678645833333333,6,8,0.04,0.8,0.96
synthetic_n120_p2000_k10,t-test + BH,20260922,1,200,0.5,0.5034965034965035,0.47916666666666663,0.08333333333333333,0.8643229166666667,8,9,0.035,0.7,0.965
synthetic_n120_p2000_k10,t-test + BH,20260922,2,50,0.3333333333333333,0.34265734265734266,0.47916666666666663,0.09375,0.8888020833333333,6,8,0.14,0.7,0.86
synthetic_n120_p2000_k10,t-test + BH,20260922,3,200,0.4166666666666667,0.41666666666666663,0.46875,0.03125,0.8877083333333332,7,8,0.035,0.7,0.965
synthetic_n120_p2000_k10,t-test + BH,20260922,4,100,0.16666666666666666,0.16666666666666666,0.46875,0.0625,0.9029166666666666,6,9,0.07,0.7,0.9299999999999999
synthetic_n120_p2000_k10,t-test + BH,20260923,0,200,0.4166666666666667,0.4125874125874126,0.47916666666666663,0.07291666666666667,0.8888020833333334,7,8,0.05,1.0,0.95
synthetic_n120_p2000_k10,t-test + BH,20260923,1,200,0.375,0.38111888111888115,0.47916666666666663,0.07291666666666667,0.8644270833333334,7,8,0.035,0.7,0.965
synthetic_n120_p2000_k10,t-test + BH,20260923,2,100,0.2916666666666667,0.2972027972027972,0.47916666666666663,0.03125,0.9193229166666667,6,8,0.07,0.7,0.9299999999999999
synthetic_n120_p2000_k10,t-test + BH,20260923,3,200,0.4166666666666667,0.4166666666666667,0.46875,0.07291666666666667,0.8746875000000001,5,8,0.04,0.8,0.96
synthetic_n120_p2000_k10,t-test + BH,20260923,4,50,0.375,0.375,0.46875,0.052083333333333336,0.9136458333333334,5,8,0.12,0.6,0.88
synthetic_n120_p2000_k10,mRMR,20260914,0,35,0.375,0.37412587412587417,0.47916666666666663,0.08333333333333333,0.89953125,5,7,0.17142857142857143,0.6,0.8285714285714285
synthetic_n120_p2000_k10,mRMR,20260914,1,35,0.5,0.5104895104895105,0.47916666666666663,0.08333333333333333,0.8992708333333334,5,7,0.14285714285714285,0.5,0.8571428571428572
synthetic_n120_p2000_k10,mRMR,20260914,2,20,0.3333333333333333,0.34965034965034963,0.47916666666666663,0.125,0.8576041666666667,4,7,0.2,0.4,0.8
synthetic_n120_p2000_k10,mRMR,20260914,3,35,0.2916666666666667,0.29166666666666663,0.46875,0.0625,0.9196875,5,7,0.17142857142857143,0.6,0.8285714285714285
synthetic_n120_p2000_k10,mRMR,20260914,4,50,0.5,0.5,0.46875,0.11458333333333333,0.8664062499999999,6,7,0.1,0.5,0.9
synthetic_n120_p2000_k10,mRMR,20260915,0,50,0.3333333333333333,0.34265734265734266,0.47916666666666663,0.052083333333333336,0.9188541666666666,7,7,0.1,0.5,0.9
synthetic_n120_p2000_k10,mRMR,20260915,1,50,0.5,0.5104895104895105,0.47916666666666663,0.041666666666666664,0.9352604166666666,7,7,0.18,0.9,0.8200000000000001
synthetic_n120_p2000_k10,mRMR,20260915,2,20,0.2916666666666667,0.2972027972027972,0.47916666666666663,0.11458333333333333,0.8716666666666668,5,7,0.25,0.5,0.75
synthetic_n120_p2000_k10,mRMR,20260915,3,35,0.4166666666666667,0.41666666666666663,0.46875,0.09375,0.8888541666666666,6,7,0.2,0.7,0.8
synthetic_n120_p2000_k10,mRMR,20260915,4,50,0.375,0.375,0.46875,0.125,0.85890625,7,7,0.1,0.5,0.9
synthetic_n120_p2000_k10,mRMR,20260916,0,50,0.25,0.2517482517482518,0.47916666666666663,0.07291666666666667,0.9078125,5,7,0.1,0.5,0.9
synthetic_n120_p2000_k10,mRMR,20260916,1,5,0.4166666666666667,0.4125874125874126,0.47916666666666663,0.19791666666666666,0.7961979166666666,3,7,0.6,0.3,0.4
synthetic_n120_p2000_k10,mRMR,20260916,2,50,0.25,0.25874125874125875,0.47916666666666663,0.041666666666666664,0.9136979166666666,6,7,0.14,0.7,0.86
synthetic_n120_p2000_k10,mRMR,20260916,3,35,0.2916666666666667,0.29166666666666663,0.46875,0.13541666666666666,0.8497916666666668,5,7,0.17142857142857143,0.6,0.8285714285714285
synthetic_n120_p2000_k10,mRMR,20260916,4,50,0.4583333333333333,0.45833333333333337,0.46875,0.07291666666666667,0.9003125000000001,6,7,0.1,0.5,0.9
synthetic_n120_p2000_k10,mRMR,20260917,0,35,0.25,0.23076923076923078,0.47916666666666663,0.13541666666666666,0.8527604166666667,4,7,0.14285714285714285,0.5,0.8571428571428572
synthetic_n120_p2000_k10,mRMR,20260917,1,20,0.4583333333333333,0.44405594405594406,0.47916666666666663,0.125,0.8644791666666665,5,7,0.25,0.5,0.75
synthetic_n120_p2000_k10,mRMR,20260917,2,5,0.375,0.37412587412587417,0.47916666666666663,0.17708333333333334,0.8163020833333333,2,7,0.6,0.3,0.4
synthetic_n120_p2000_k10,mRMR,20260917,3,35,0.20833333333333334,0.20833333333333331,0.46875,0.07291666666666667,0.9021874999999999,6,7,0.17142857142857143,0.6,0.8285714285714285
synthetic_n120_p2000_k10,mRMR,20260917,4,50,0.25,0.25,0.46875,0.08333333333333333,0.8919791666666667,7,7,0.12,0.6,0.88
synthetic_n120_p2000_k10,mRMR,20260918,0,50,0.25,0.2517482517482518,0.47916666666666663,0.0625,0.9097916666666666,6,7,0.1,0.5,0.9
synthetic_n120_p2000_k10,mRMR,20260918,1,35,0.4583333333333333,0.458041958041958,0.47916666666666663,0.07291666666666667,0.9082291666666666,6,7,0.17142857142857143,0.6,0.8285714285714285
synthetic_n120_p2000_k10,mRMR,20260918,2,20,0.375,0.37412587412587417,0.47916666666666663,0.14583333333333334,0.84296875,4,7,0.2,0.4,0.8
synthetic_n120_p2000_k10,mRMR,20260918,3,20,0.2916666666666667,0.29166666666666663,0.46875,0.11458333333333333,0.8748958333333334,4,7,0.2,0.4,0.8
synthetic_n120_p2000_k10,mRMR,20260918,4,50,0.5,0.5,0.46875,0.041666666666666664,0.9342708333333333,7,7,0.1,0.5,0.9
synthetic_n120_p2000_k10,mRMR,20260919,0,20,0.4583333333333333,0.465034965034965,0.47916666666666663,0.10416666666666667,0.8819270833333333,5,7,0.25,0.5,0.75
synthetic_n120_p2000_k10,mRMR,20260919,1,50,0.375,0.38111888111888115,0.47916666666666663,0.09375,0.8914583333333334,6,7,0.1,0.5,0.9
synthetic_n120_p2000_k10,mRMR,20260919,2,50,0.3333333333333333,0.32867132867132864,0.47916666666666663,0.125,0.8500520833333335,4,7,0.12,0.6,0.88
synthetic_n120_p2000_k10,mRMR,20260919,3,50,0.3333333333333333,0.33333333333333337,0.46875,0.0625,0.9158333333333333,5,7,0.14,0.7,0.86
synthetic_n120_p2000_k10,mRMR,20260919,4,50,0.5416666666666666,0.5416666666666667,0.46875,0.09375,0.8884895833333334,7,7,0.08,0.4,0.92
synthetic_n120_p2000_k10,mRMR,20260920,0,50,0.4583333333333333,0.45104895104895104,0.47916666666666663,0.09375,0.8825,6,7,0.14,0.7,0.86
synthetic_n120_p2000_k10,mRMR,20260920,1,50,0.3333333333333333,0.34965034965034963,0.47916666666666663,0.0625,0.9116145833333333,3,7,0.08,0.4,0.92
synthetic_n120_p2000_k10,mRMR,20260920,2,50,0.4166666666666667,0.40559440559440557,0.47916666666666663,0.13541666666666666,0.8489583333333333,6,7,0.12,0.6,0.88
synthetic_n120_p2000_k10,mRMR,20260920,3,35,0.3333333333333333,0.33333333333333337,0.46875,0.041666666666666664,0.9364062499999999,6,7,0.17142857142857143,0.6,0.8285714285714285
synthetic_n120_p2000_k10,mRMR,20260920,4,35,0.3333333333333333,0.33333333333333337,0.46875,0.052083333333333336,0.9224479166666667,5,7,0.17142857142857143,0.6,0.8285714285714285
synthetic_n120_p2000_k10,mRMR,20260921,0,35,0.3333333333333333,0.3356643356643357,0.47916666666666663,0.0625,0.9259375,5,7,0.17142857142857143,0.6,0.8285714285714285
synthetic_n120_p2000_k10,mRMR,20260921,1,35,0.4583333333333333,0.47202797202797203,0.47916666666666663,0.08333333333333333,0.8966666666666667,6,7,0.11428571428571428,0.4,0.8857142857142857
synthetic_n120_p2000_k10,mRMR,20260921,2,50,0.4583333333333333,0.458041958041958,0.47916666666666663,0.13541666666666666,0.8528124999999999,5,7,0.12,0.6,0.88
synthetic_n120_p2000_k10,mRMR,20260921,3,50,0.25,0.25,0.46875,0.09375,0.8846875000000001,5,7,0.14,0.7,0.86
synthetic_n120_p2000_k10,mRMR,20260921,4,50,0.4166666666666667,0.41666666666666663,0.46875,0.11458333333333333,0.8642708333333333,6,7,0.14,0.7,0.86
synthetic_n120_p2000_k10,mRMR,20260922,0,35,0.16666666666666666,0.16083916083916083,0.47916666666666663,0.125,0.85796875,6,7,0.17142857142857143,0.6,0.8285714285714285
synthetic_n120_p2000_k10,mRMR,20260922,1,50,0.5416666666666666,0.5419580419580419,0.47916666666666663,0.125,0.8584375,6,7,0.1,0.5,0.9
synthetic_n120_p2000_k10,mRMR,20260922,2,50,0.2916666666666667,0.2972027972027972,0.47916666666666663,0.09375,0.88828125,6,7,0.14,0.7,0.86
synthetic_n120_p2000_k10,mRMR,20260922,3,50,0.4166666666666667,0.41666666666666663,0.46875,0.041666666666666664,0.9218229166666666,7,7,0.12,0.6,0.88
synthetic_n120_p2000_k10,mRMR,20260922,4,50,0.375,0.375,0.46875,0.08333333333333333,0.8925,5,7,0.08,0.4,0.92
synthetic_n120_p2000_k10,mRMR,20260923,0,50,0.3333333333333333,0.34265734265734266,0.47916666666666663,0.052083333333333336,0.9208333333333334,7,7,0.14,0.7,0.86
synthetic_n120_p2000_k10,mRMR,20260923,1,35,0.3333333333333333,0.3356643356643357,0.47916666666666663,0.11458333333333333,0.8732812500000001,6,7,0.11428571428571428,0.4,0.8857142857142857
synthetic_n120_p2000_k10,mRMR,20260923,2,50,0.4583333333333333,0.47202797202797203,0.47916666666666663,0.052083333333333336,0.9135937500000001,7,7,0.08,0.4,0.92
synthetic_n120_p2000_k10,mRMR,20260923,3,35,0.375,0.375,0.46875,0.09375,0.8791145833333334,5,7,0.2,0.7,0.8
synthetic_n120_p2000_k10,mRMR,20260923,4,50,0.375,0.375,0.46875,0.052083333333333336,0.9183333333333333,6,7,0.12,0.6,0.88
synthetic_n120_p2000_k10,LASSO path,20260914,0,51,0.2916666666666667,0.2902097902097902,0.47916666666666663,0.0,0.9474479166666666,3,7,0.1568627450980392,0.8,0.8431372549019608
synthetic_n120_p2000_k10,LASSO path,20260914,1,60,0.5416666666666666,0.548951048951049,0.47916666666666663,0.0,0.9565104166666666,4,7,0.11666666666666667,0.7,0.8833333333333333
synthetic_n120_p2000_k10,LASSO path,20260914,2,68,0.5,0.5174825174825175,0.47916666666666663,0.0,0.9327083333333334,4,7,0.10294117647058823,0.7,0.8970588235294118
synthetic_n120_p2000_k10,LASSO path,20260914,3,47,0.25,0.25,0.46875,0.0,0.9457291666666667,3,7,0.19148936170212766,0.9,0.8085106382978724
synthetic_n120_p2000_k10,LASSO path,20260914,4,67,0.4583333333333333,0.45833333333333337,0.46875,0.0,0.9455729166666667,3,7,0.11940298507462686,0.8,0.8805970149253731
synthetic_n120_p2000_k10,LASSO path,20260915,0,97,0.3333333333333333,0.3356643356643357,0.47916666666666663,0.0,0.9438541666666665,3,7,0.07216494845360824,0.7,0.9278350515463918
synthetic_n120_p2000_k10,LASSO path,20260915,1,61,0.375,0.38111888111888115,0.47916666666666663,0.0,0.9523958333333334,4,7,0.14754098360655737,0.9,0.8524590163934427
synthetic_n120_p2000_k10,LASSO path,20260915,2,65,0.375,0.36713286713286714,0.47916666666666663,0.0,0.9478125,4,7,0.12307692307692308,0.8,0.8769230769230769
synthetic_n120_p2000_k10,LASSO path,20260915,3,51,0.4166666666666667,0.41666666666666663,0.46875,0.0,0.9463541666666667,3,7,0.13725490196078433,0.7,0.8627450980392157
synthetic_n120_p2000_k10,LASSO path,20260915,4,79,0.4166666666666667,0.4166666666666667,0.46875,0.0,0.93265625,5,7,0.11392405063291139,0.9,0.8860759493670887
synthetic_n120_p2000_k10,LASSO path,20260916,0,32,0.375,0.37412587412587417,0.47916666666666663,0.0,0.949375,2,7,0.1875,0.6,0.8125
synthetic_n120_p2000_k10,LASSO path,20260916,1,54,0.375,0.37412587412587417,0.47916666666666663,0.0,0.9424479166666668,3,7,0.16666666666666666,0.9,0.8333333333333334
synthetic_n120_p2000_k10,LASSO path,20260916,2,53,0.25,0.2517482517482518,0.47916666666666663,0.0,0.95109375,4,7,0.16981132075471697,0.9,0.8301886792452831
synthetic_n120_p2000_k10,LASSO path,20260916,3,67,0.3333333333333333,0.3333333333333333,0.46875,0.0,0.9450000000000001,4,7,0.1044776119402985,0.7,0.8955223880597015
synthetic_n120_p2000_k10,LASSO path,20260916,4,56,0.5,0.5,0.46875,0.0,0.94328125,3,7,0.10714285714285714,0.6,0.8928571428571429
synthetic_n120_p2000_k10,LASSO path,20260917,0,54,0.4166666666666667,0.40559440559440557,0.47916666666666663,0.0,0.9404166666666668,3,7,0.14814814814814814,0.8,0.8518518518518519
synthetic_n120_p2000_k10,LASSO path,20260917,1,51,0.5416666666666666,0.534965034965035,0.47916666666666663,0.0,0.9571875000000001,3,7,0.11764705882352941,0.6,0.8823529411764706
synthetic_n120_p2000_k10,LASSO path,20260917,2,57,0.3333333333333333,0.34265734265734266,0.47916666666666663,0.0,0.9343750000000001,3,7,0.14035087719298245,0.8,0.8596491228070176
synthetic_n120_p2000_k10,LASSO path,20260917,3,72,0.375,0.375,0.46875,0.0,0.9379166666666667,3,7,0.09722222222222222,0.7,0.9027777777777778
synthetic_n120_p2000_k10,LASSO path,20260917,4,46,0.20833333333333334,0.20833333333333331,0.46875,0.0,0.9476041666666666,3,7,0.17391304347826086,0.8,0.8260869565217391
synthetic_n120_p2000_k10,LASSO path,20260918,0,49,0.25,0.25874125874125875,0.47916666666666663,0.0,0.94375,3,7,0.14285714285714285,0.7,0.8571428571428572
synthetic_n120_p2000_k10,LASSO path,20260918,1,50,0.4583333333333333,0.45104895104895104,0.47916666666666663,0.0,0.9461458333333332,3,7,0.16,0.8,0.84
synthetic_n120_p2000_k10,LASSO path,20260918,2,55,0.4166666666666667,0.43356643356643354,0.47916666666666663,0.0,0.93515625,3,7,0.16363636363636364,0.9,0.8363636363636364
synthetic_n120_p2000_k10,LASSO path,20260918,3,46,0.25,0.25,0.46875,0.0,0.9448958333333333,3,7,0.17391304347826086,0.8,0.8260869565217391
synthetic_n120_p2000_k10,LASSO path,20260918,4,43,0.3333333333333333,0.33333333333333337,0.46875,0.0,0.9527083333333334,3,7,0.16279069767441862,0.7,0.8372093023255813
synthetic_n120_p2000_k10,LASSO path,20260919,0,52,0.5833333333333334,0.5804195804195804,0.47916666666666663,0.0,0.94875,3,7,0.15384615384615385,0.8,0.8461538461538461
synthetic_n120_p2000_k10,LASSO path,20260919,1,53,0.25,0.2517482517482518,0.47916666666666663,0.0,0.9346875,3,7,0.1320754716981132,0.7,0.8679245283018868
synthetic_n120_p2000_k10,LASSO path,20260919,2,69,0.2916666666666667,0.2902097902097902,0.47916666666666663,0.0,0.9530208333333334,4,7,0.11594202898550725,0.8,0.8840579710144928
synthetic_n120_p2000_k10,LASSO path,20260919,3,55,0.375,0.375,0.46875,0.0,0.9383333333333334,3,7,0.12727272727272726,0.7,0.8727272727272728
synthetic_n120_p2000_k10,LASSO path,20260919,4,40,0.4166666666666667,0.4166666666666667,0.46875,0.0,0.9536458333333333,3,7,0.125,0.5,0.875
synthetic_n120_p2000_k10,LASSO path,20260920,0,33,0.25,0.23776223776223776,0.47916666666666663,0.0,0.9458333333333333,2,7,0.2727272727272727,0.9,0.7272727272727273
synthetic_n120_p2000_k10,LASSO path,20260920,1,45,0.3333333333333333,0.34965034965034963,0.47916666666666663,0.0,0.9557291666666666,3,7,0.17777777777777778,0.8,0.8222222222222222
synthetic_n120_p2000_k10,LASSO path,20260920,2,58,0.4583333333333333,0.458041958041958,0.47916666666666663,0.0,0.9470833333333334,4,7,0.13793103448275862,0.8,0.8620689655172413
synthetic_n120_p2000_k10,LASSO path,20260920,3,64,0.3333333333333333,0.3333333333333333,0.46875,0.0,0.9408854166666667,4,7,0.09375,0.6,0.90625
synthetic_n120_p2000_k10,LASSO path,20260920,4,37,0.3333333333333333,0.33333333333333337,0.46875,0.0,0.9425520833333333,2,7,0.13513513513513514,0.5,0.8648648648648649
synthetic_n120_p2000_k10,LASSO path,20260921,0,72,0.375,0.36713286713286714,0.47916666666666663,0.0,0.9493229166666667,4,7,0.09722222222222222,0.7,0.9027777777777778
synthetic_n120_p2000_k10,LASSO path,20260921,1,66,0.2916666666666667,0.30419580419580416,0.47916666666666663,0.0,0.944375,5,7,0.10606060606060606,0.7,0.8939393939393939
synthetic_n120_p2000_k10,LASSO path,20260921,2,63,0.5416666666666666,0.5419580419580419,0.47916666666666663,0.0,0.9435937499999999,4,7,0.09523809523809523,0.6,0.9047619047619048
synthetic_n120_p2000_k10,LASSO path,20260921,3,53,0.4166666666666667,0.41666666666666663,0.46875,0.0,0.9502604166666667,3,7,0.1509433962264151,0.8,0.8490566037735849
synthetic_n120_p2000_k10,LASSO path,20260921,4,31,0.4166666666666667,0.41666666666666663,0.46875,0.0,0.9397916666666668,2,7,0.22580645161290322,0.7,0.7741935483870968
synthetic_n120_p2000_k10,LASSO path,20260922,0,56,0.20833333333333334,0.2062937062937063,0.47916666666666663,0.0,0.9399479166666665,3,7,0.14285714285714285,0.8,0.8571428571428572
synthetic_n120_p2000_k10,LASSO path,20260922,1,55,0.4166666666666667,0.40559440559440557,0.47916666666666663,0.0,0.9502604166666666,3,7,0.12727272727272726,0.7,0.8727272727272728
synthetic_n120_p2000_k10,LASSO path,20260922,2,50,0.125,0.12937062937062938,0.47916666666666663,0.0,0.9484895833333332,3,7,0.14,0.7,0.86
synthetic_n120_p2000_k10,LASSO path,20260922,3,27,0.25,0.25,0.46875,0.0,0.9524479166666666,2,7,0.2222222222222222,0.6,0.7777777777777778
synthetic_n120_p2000_k10,LASSO path,20260922,4,48,0.5,0.5,0.46875,0.0,0.9524479166666667,3,7,0.16666666666666666,0.8,0.8333333333333334
synthetic_n120_p2000_k10,LASSO path,20260923,0,49,0.5,0.5104895104895105,0.47916666666666663,0.0,0.93890625,3,7,0.12244897959183673,0.6,0.8775510204081632
synthetic_n120_p2000_k10,LASSO path,20260923,1,62,0.375,0.38111888111888115,0.47916666666666663,0.0,0.9422395833333334,4,7,0.0967741935483871,0.6,0.9032258064516129
synthetic_n120_p2000_k10,LASSO path,20260923,2,59,0.4583333333333333,0.47902097902097907,0.47916666666666663,0.0,0.943125,3,7,0.1016949152542373,0.6,0.8983050847457628
synthetic_n120_p2000_k10,LASSO path,20260923,3,59,0.3333333333333333,0.33333333333333337,0.46875,0.0,0.94328125,4,7,0.11864406779661017,0.7,0.8813559322033898
synthetic_n120_p2000_k10,LASSO path,20260923,4,57,0.375,0.375,0.46875,0.0,0.9467708333333333,4,7,0.12280701754385964,0.7,0.8771929824561404
synthetic_n120_p2000_k10,Knockoff+,20260914,0,0,0.4583333333333333,0.5,0.47916666666666663,1.0,0.0,0,0,0.0,0.0,0.0
synthetic_n120_p2000_k10,Knockoff+,20260914,1,0,0.4583333333333333,0.5,0.47916666666666663,1.0,0.0,0,0,0.0,0.0,0.0
synthetic_n120_p2000_k10,Knockoff+,20260914,2,0,0.4583333333333333,0.5,0.47916666666666663,1.0,0.0,0,0,0.0,0.0,0.0
synthetic_n120_p2000_k10,Knockoff+,20260914,3,0,0.5,0.5,0.46875,1.0,0.0,0,0,0.0,0.0,0.0
synthetic_n120_p2000_k10,Knockoff+,20260914,4,0,0.5,0.5,0.46875,1.0,0.0,0,0,0.0,0.0,0.0
synthetic_n120_p2000_k10,Knockoff+,20260915,0,0,0.4583333333333333,0.5,0.47916666666666663,1.0,0.0,0,0,0.0,0.0,0.0
synthetic_n120_p2000_k10,Knockoff+,20260915,1,0,0.4583333333333333,0.5,0.47916666666666663,1.0,0.0,0,0,0.0,0.0,0.0
synthetic_n120_p2000_k10,Knockoff+,20260915,2,0,0.4583333333333333,0.5,0.47916666666666663,1.0,0.0,0,0,0.0,0.0,0.0
synthetic_n120_p2000_k10,Knockoff+,20260915,3,0,0.5,0.5,0.46875,1.0,0.0,0,0,0.0,0.0,0.0
synthetic_n120_p2000_k10,Knockoff+,20260915,4,0,0.5,0.5,0.46875,1.0,0.0,0,0,0.0,0.0,0.0
synthetic_n120_p2000_k10,Knockoff+,20260916,0,0,0.4583333333333333,0.5,0.47916666666666663,1.0,0.0,0,0,0.0,0.0,0.0
synthetic_n120_p2000_k10,Knockoff+,20260916,1,0,0.4583333333333333,0.5,0.47916666666666663,1.0,0.0,0,0,0.0,0.0,0.0
synthetic_n120_p2000_k10,Knockoff+,20260916,2,0,0.4583333333333333,0.5,0.47916666666666663,1.0,0.0,0,0,0.0,0.0,0.0
synthetic_n120_p2000_k10,Knockoff+,20260916,3,0,0.5,0.5,0.46875,1.0,0.0,0,0,0.0,0.0,0.0
synthetic_n120_p2000_k10,Knockoff+,20260916,4,0,0.5,0.5,0.46875,1.0,0.0,0,0,0.0,0.0,0.0
synthetic_n120_p2000_k10,Knockoff+,20260917,0,0,0.4583333333333333,0.5,0.47916666666666663,1.0,0.0,0,0,0.0,0.0,0.0
synthetic_n120_p2000_k10,Knockoff+,20260917,1,0,0.4583333333333333,0.5,0.47916666666666663,1.0,0.0,0,0,0.0,0.0,0.0
synthetic_n120_p2000_k10,Knockoff+,20260917,2,0,0.4583333333333333,0.5,0.47916666666666663,1.0,0.0,0,0,0.0,0.0,0.0
synthetic_n120_p2000_k10,Knockoff+,20260917,3,0,0.5,0.5,0.46875,1.0,0.0,0,0,0.0,0.0,0.0
synthetic_n120_p2000_k10,Knockoff+,20260917,4,0,0.5,0.5,0.46875,1.0,0.0,0,0,0.0,0.0,0.0
synthetic_n120_p2000_k10,Knockoff+,20260918,0,0,0.4583333333333333,0.5,0.47916666666666663,1.0,0.0,0,0,0.0,0.0,0.0
synthetic_n120_p2000_k10,Knockoff+,20260918,1,0,0.4583333333333333,0.5,0.47916666666666663,1.0,0.0,0,0,0.0,0.0,0.0
synthetic_n120_p2000_k10,Knockoff+,20260918,2,0,0.4583333333333333,0.5,0.47916666666666663,1.0,0.0,0,0,0.0,0.0,0.0
synthetic_n120_p2000_k10,Knockoff+,20260918,3,0,0.5,0.5,0.46875,1.0,0.0,0,0,0.0,0.0,0.0
synthetic_n120_p2000_k10,Knockoff+,20260918,4,0,0.5,0.5,0.46875,1.0,0.0,0,0,0.0,0.0,0.0
synthetic_n120_p2000_k10,Knockoff+,20260919,0,0,0.4583333333333333,0.5,0.47916666666666663,1.0,0.0,0,0,0.0,0.0,0.0
synthetic_n120_p2000_k10,Knockoff+,20260919,1,0,0.4583333333333333,0.5,0.47916666666666663,1.0,0.0,0,0,0.0,0.0,0.0
synthetic_n120_p2000_k10,Knockoff+,20260919,2,0,0.4583333333333333,0.5,0.47916666666666663,1.0,0.0,0,0,0.0,0.0,0.0
synthetic_n120_p2000_k10,Knockoff+,20260919,3,0,0.5,0.5,0.46875,1.0,0.0,0,0,0.0,0.0,0.0
synthetic_n120_p2000_k10,Knockoff+,20260919,4,0,0.5,0.5,0.46875,1.0,0.0,0,0,0.0,0.0,0.0
synthetic_n120_p2000_k10,Knockoff+,20260920,0,0,0.4583333333333333,0.5,0.47916666666666663,1.0,0.0,0,0,0.0,0.0,0.0
synthetic_n120_p2000_k10,Knockoff+,20260920,1,0,0.4583333333333333,0.5,0.47916666666666663,1.0,0.0,0,0,0.0,0.0,0.0
synthetic_n120_p2000_k10,Knockoff+,20260920,2,0,0.4583333333333333,0.5,0.47916666666666663,1.0,0.0,0,0,0.0,0.0,0.0
synthetic_n120_p2000_k10,Knockoff+,20260920,3,0,0.5,0.5,0.46875,1.0,0.0,0,0,0.0,0.0,0.0
synthetic_n120_p2000_k10,Knockoff+,20260920,4,0,0.5,0.5,0.46875,1.0,0.0,0,0,0.0,0.0,0.0
synthetic_n120_p2000_k10,Knockoff+,20260921,0,0,0.4583333333333333,0.5,0.47916666666666663,1.0,0.0,0,0,0.0,0.0,0.0
synthetic_n120_p2000_k10,Knockoff+,20260921,1,0,0.4583333333333333,0.5,0.47916666666666663,1.0,0.0,0,0,0.0,0.0,0.0
synthetic_n120_p2000_k10,Knockoff+,20260921,2,0,0.4583333333333333,0.5,0.47916666666666663,1.0,0.0,0,0,0.0,0.0,0.0
synthetic_n120_p2000_k10,Knockoff+,20260921,3,0,0.5,0.5,0.46875,1.0,0.0,0,0,0.0,0.0,0.0
synthetic_n120_p2000_k10,Knockoff+,20260921,4,0,0.5,0.5,0.46875,1.0,0.0,0,0,0.0,0.0,0.0
synthetic_n120_p2000_k10,Knockoff+,20260922,0,0,0.4583333333333333,0.5,0.47916666666666663,1.0,0.0,0,0,0.0,0.0,0.0
synthetic_n120_p2000_k10,Knockoff+,20260922,1,0,0.4583333333333333,0.5,0.47916666666666663,1.0,0.0,0,0,0.0,0.0,0.0
synthetic_n120_p2000_k10,Knockoff+,20260922,2,0,0.4583333333333333,0.5,0.47916666666666663,1.0,0.0,0,0,0.0,0.0,0.0
synthetic_n120_p2000_k10,Knockoff+,20260922,3,0,0.5,0.5,0.46875,1.0,0.0,0,0,0.0,0.0,0.0
synthetic_n120_p2000_k10,Knockoff+,20260922,4,0,0.5,0.5,0.46875,1.0,0.0,0,0,0.0,0.0,0.0
synthetic_n120_p2000_k10,Knockoff+,20260923,0,0,0.4583333333333333,0.5,0.47916666666666663,1.0,0.0,0,0,0.0,0.0,0.0
synthetic_n120_p2000_k10,Knockoff+,20260923,1,0,0.4583333333333333,0.5,0.47916666666666663,1.0,0.0,0,0,0.0,0.0,0.0
synthetic_n120_p2000_k10,Knockoff+,20260923,2,0,0.4583333333333333,0.5,0.47916666666666663,1.0,0.0,0,0,0.0,0.0,0.0
synthetic_n120_p2000_k10,Knockoff+,20260923,3,0,0.5,0.5,0.46875,1.0,0.0,0,0,0.0,0.0,0.0
synthetic_n120_p2000_k10,Knockoff+,20260923,4,0,0.5,0.5,0.46875,1.0,0.0,0,0,0.0,0.0,0.0
synthetic_n120_p2000_k10,Knockoff,20260914,0,0,0.4583333333333333,0.5,0.47916666666666663,1.0,0.0,0,0,0.0,0.0,0.0
synthetic_n120_p2000_k10,Knockoff,20260914,1,2,0.5416666666666666,0.5559440559440559,0.47916666666666663,0.21875,0.7734375,1,1,1.0,0.2,0.0
synthetic_n120_p2000_k10,Knockoff,20260914,2,0,0.4583333333333333,0.5,0.47916666666666663,1.0,0.0,0,0,0.0,0.0,0.0
synthetic_n120_p2000_k10,Knockoff,20260914,3,2,0.3333333333333333,0.3333333333333333,0.46875,0.3229166666666667,0.6703124999999999,1,1,0.5,0.1,0.5
synthetic_n120_p2000_k10,Knockoff,20260914,4,0,0.5,0.5,0.46875,1.0,0.0,0,0,0.0,0.0,0.0
synthetic_n120_p2000_k10,Knockoff,20260915,0,1,0.4583333333333333,0.47902097902097907,0.47916666666666663,0.3333333333333333,0.6633333333333334,1,1,0.0,0.0,1.0
synthetic_n120_p2000_k10,Knockoff,20260915,1,0,0.4583333333333333,0.5,0.47916666666666663,1.0,0.0,0,0,0.0,0.0,0.0
synthetic_n120_p2000_k10,Knockoff,20260915,2,0,0.4583333333333333,0.5,0.47916666666666663,1.0,0.0,0,0,0.0,0.0,0.0
synthetic_n120_p2000_k10,Knockoff,20260915,3,0,0.5,0.5,0.46875,1.0,0.0,0,0,0.0,0.0,0.0
synthetic_n120_p2000_k10,Knockoff,20260915,4,0,0.5,0.5,0.46875,1.0,0.0,0,0,0.0,0.0,0.0
synthetic_n120_p2000_k10,Knockoff,20260916,0,0,0.4583333333333333,0.5,0.47916666666666663,1.0,0.0,0,0,0.0,0.0,0.0
synthetic_n120_p2000_k10,Knockoff,20260916,1,1,0.4166666666666667,0.4125874125874126,0.47916666666666663,0.3854166666666667,0.6115104166666666,1,1,1.0,0.1,0.0
synthetic_n120_p2000_k10,Knockoff,20260916,2,0,0.4583333333333333,0.5,0.47916666666666663,1.0,0.0,0,0,0.0,0.0,0.0
synthetic_n120_p2000_k10,Knockoff,20260916,3,0,0.5,0.5,0.46875,1.0,0.0,0,0,0.0,0.0,0.0
synthetic_n120_p2000_k10,Knockoff,20260916,4,0,0.5,0.5,0.46875,1.0,0.0,0,0,0.0,0.0,0.0
synthetic_n120_p2000_k10,Knockoff,20260917,0,0,0.4583333333333333,0.5,0.47916666666666663,1.0,0.0,0,0,0.0,0.0,0.0
synthetic_n120_p2000_k10,Knockoff,20260917,1,1,0.5416666666666666,0.5279720279720279,0.47916666666666663,0.2916666666666667,0.7047916666666666,1,1,0.0,0.0,1.0
synthetic_n120_p2000_k10,Knockoff,20260917,2,2,0.5833333333333334,0.5594405594405594,0.47916666666666663,0.3020833333333333,0.6909375000000001,1,1,0.5,0.1,0.5
synthetic_n120_p2000_k10,Knockoff,20260917,3,0,0.5,0.5,0.46875,1.0,0.0,0,0,0.0,0.0,0.0
synthetic_n120_p2000_k10,Knockoff,20260917,4,1,0.375,0.375,0.46875,0.34375,0.65296875,1,1,0.0,0.0,1.0
synthetic_n120_p2000_k10,Knockoff,20260918,0,0,0.4583333333333333,0.5,0.47916666666666663,1.0,0.0,0,0,0.0,0.0,0.0
synthetic_n120_p2000_k10,Knockoff,20260918,1,0,0.4583333333333333,0.5,0.47916666666666663,1.0,0.0,0,0,0.0,0.0,0.0
synthetic_n120_p2000_k10,Knockoff,20260918,2,0,0.4583333333333333,0.5,0.47916666666666663,1.0,0.0,0,0,0.0,0.0,0.0
synthetic_n120_p2000_k10,Knockoff,20260918,3,0,0.5,0.5,0.46875,1.0,0.0,0,0,0.0,0.0,0.0
synthetic_n120_p2000_k10,Knockoff,20260918,4,0,0.5,0.5,0.46875,1.0,0.0,0,0,0.0,0.0,0.0
synthetic_n120_p2000_k10,Knockoff,20260919,0,0,0.4583333333333333,0.5,0.47916666666666663,1.0,0.0,0,0,0.0,0.0,0.0
synthetic_n120_p2000_k10,Knockoff,20260919,1,0,0.4583333333333333,0.5,0.47916666666666663,1.0,0.0,0,0,0.0,0.0,0.0
synthetic_n120_p2000_k10,Knockoff,20260919,2,1,0.5416666666666666,0.5559440559440559,0.47916666666666663,0.3333333333333333,0.6633333333333334,1,1,1.0,0.1,0.0
synthetic_n120_p2000_k10,Knockoff,20260919,3,0,0.5,0.5,0.46875,1.0,0.0,0,0,0.0,0.0,0.0
synthetic_n120_p2000_k10,Knockoff,20260919,4,2,0.4583333333333333,0.45833333333333337,0.46875,0.2604166666666667,0.7321874999999999,1,1,1.0,0.2,0.0
synthetic_n120_p2000_k10,Knockoff,20260920,0,0,0.4583333333333333,0.5,0.47916666666666663,1.0,0.0,0,0,0.0,0.0,0.0
synthetic_n120_p2000_k10,Knockoff,20260920,1,0,0.4583333333333333,0.5,0.47916666666666663,1.0,0.0,0,0,0.0,0.0,0.0
synthetic_n120_p2000_k10,Knockoff,20260920,2,1,0.5833333333333334,0.5874125874125874,0.47916666666666663,0.3125,0.6840625,1,1,1.0,0.1,0.0
synthetic_n120_p2000_k10,Knockoff,20260920,3,0,0.5,0.5,0.46875,1.0,0.0,0,0,0.0,0.0,0.0
synthetic_n120_p2000_k10,Knockoff,20260920,4,1,0.4583333333333333,0.45833333333333337,0.46875,0.3645833333333333,0.6322395833333334,1,1,1.0,0.1,0.0
synthetic_n120_p2000_k10,Knockoff,20260921,0,0,0.4583333333333333,0.5,0.47916666666666663,1.0,0.0,0,0,0.0,0.0,0.0
synthetic_n120_p2000_k10,Knockoff,20260921,1,2,0.4166666666666667,0.42657342657342656,0.47916666666666663,0.2916666666666667,0.7012499999999999,1,1,1.0,0.2,0.0
synthetic_n120_p2000_k10,Knockoff,20260921,2,1,0.5,0.48951048951048953,0.47916666666666663,0.375,0.621875,1,1,0.0,0.0,1.0
synthetic_n120_p2000_k10,Knockoff,20260921,3,2,0.3333333333333333,0.33333333333333337,0.46875,0.25,0.7424999999999999,1,1,0.5,0.1,0.5
synthetic_n120_p2000_k10,Knockoff,20260921,4,0,0.5,0.5,0.46875,1.0,0.0,0,0,0.0,0.0,0.0
synthetic_n120_p2000_k10,Knockoff,20260922,0,0,0.4583333333333333,0.5,0.47916666666666663,1.0,0.0,0,0,0.0,0.0,0.0
synthetic_n120_p2000_k10,Knockoff,20260922,1,0,0.4583333333333333,0.5,0.47916666666666663,1.0,0.0,0,0,0.0,0.0,0.0
synthetic_n120_p2000_k10,Knockoff,20260922,2,1,0.25,0.24475524475524477,0.47916666666666663,0.4270833333333333,0.5700520833333335,1,1,1.0,0.1,0.0
synthetic_n120_p2000_k10,Knockoff,20260922,3,0,0.5,0.5,0.46875,1.0,0.0,0,0,0.0,0.0,0.0
synthetic_n120_p2000_k10,Knockoff,20260922,4,0,0.5,0.5,0.46875,1.0,0.0,0,0,0.0,0.0,0.0
synthetic_n120_p2000_k10,Knockoff,20260923,0,0,0.4583333333333333,0.5,0.47916666666666663,1.0,0.0,0,0,0.0,0.0,0.0
synthetic_n120_p2000_k10,Knockoff,20260923,1,0,0.4583333333333333,0.5,0.47916666666666663,1.0,0.0,0,0,0.0,0.0,0.0
synthetic_n120_p2000_k10,Knockoff,20260923,2,1,0.375,0.3951048951048951,0.47916666666666663,0.375,0.621875,1,1,1.0,0.1,0.0
synthetic_n120_p2000_k10,Knockoff,20260923,3,0,0.5,0.5,0.46875,1.0,0.0,0,0,0.0,0.0,0.0
synthetic_n120_p2000_k10,Knockoff,20260923,4,1,0.5416666666666666,0.5416666666666666,0.46875,0.3645833333333333,0.6322395833333334,1,1,0.0,0.0,1.0
synthetic_n120_p2000_k10,Oracle (true support),20260914,0,10,0.041666666666666664,0.038461538461538464,0.47916666666666663,0.052083333333333336,0.9005208333333332,1,1,1.0,1.0,0.0
synthetic_n120_p2000_k10,Oracle (true support),20260914,1,10,0.125,0.12937062937062938,0.47916666666666663,0.0625,0.890625,1,1,1.0,1.0,0.0
synthetic_n120_p2000_k10,Oracle (true support),20260914,2,10,0.041666666666666664,0.045454545454545456,0.47916666666666663,0.03125,0.9203125,1,1,1.0,1.0,0.0
synthetic_n120_p2000_k10,Oracle (true support),20260914,3,10,0.041666666666666664,0.041666666666666664,0.46875,0.10416666666666667,0.8510416666666667,1,1,1.0,1.0,0.0
synthetic_n120_p2000_k10,Oracle (true support),20260914,4,10,0.041666666666666664,0.041666666666666664,0.46875,0.14583333333333334,0.8114583333333333,1,1,1.0,1.0,0.0
synthetic_n120_p2000_k10,Oracle (true support),20260915,0,10,0.041666666666666664,0.038461538461538464,0.47916666666666663,0.0625,0.890625,1,1,1.0,1.0,0.0
synthetic_n120_p2000_k10,Oracle (true support),20260915,1,10,0.08333333333333333,0.07692307692307693,0.47916666666666663,0.052083333333333336,0.9005208333333332,1,1,1.0,1.0,0.0
synthetic_n120_p2000_k10,Oracle (true support),20260915,2,10,0.0,0.0,0.47916666666666663,0.09375,0.8609374999999999,1,1,1.0,1.0,0.0
synthetic_n120_p2000_k10,Oracle (true support),20260915,3,10,0.0,0.0,0.46875,0.09375,0.8609374999999999,1,1,1.0,1.0,0.0
synthetic_n120_p2000_k10,Oracle (true support),20260915,4,10,0.125,0.125,0.46875,0.041666666666666664,0.9104166666666667,1,1,1.0,1.0,0.0
synthetic_n120_p2000_k10,Oracle (true support),20260916,0,10,0.041666666666666664,0.038461538461538464,0.47916666666666663,0.041666666666666664,0.9104166666666667,1,1,1.0,1.0,0.0
synthetic_n120_p2000_k10,Oracle (true support),20260916,1,10,0.08333333333333333,0.09090909090909091,0.47916666666666663,0.041666666666666664,0.9104166666666667,1,1,1.0,1.0,0.0
synthetic_n120_p2000_k10,Oracle (true support),20260916,2,10,0.0,0.0,0.47916666666666663,0.07291666666666667,0.8807291666666667,1,1,1.0,1.0,0.0
synthetic_n120_p2000_k10,Oracle (true support),20260916,3,10,0.041666666666666664,0.041666666666666664,0.46875,0.08333333333333333,0.8708333333333332,1,1,1.0,1.0,0.0
synthetic_n120_p2000_k10,Oracle (true support),20260916,4,10,0.08333333333333333,0.08333333333333333,0.46875,0.07291666666666667,0.8807291666666667,1,1,1.0,1.0,0.0
synthetic_n120_p2000_k10,Oracle (true support),20260917,0,10,0.0,0.0,0.47916666666666663,0.0625,0.890625,1,1,1.0,1.0,0.0
synthetic_n120_p2000_k10,Oracle (true support),20260917,1,10,0.041666666666666664,0.038461538461538464,0.47916666666666663,0.08333333333333333,0.8708333333333332,1,1,1.0,1.0,0.0
synthetic_n120_p2000_k10,Oracle (true support),20260917,2,10,0.0,0.0,0.47916666666666663,0.07291666666666667,0.8807291666666667,1,1,1.0,1.0,0.0
synthetic_n120_p2000_k10,Oracle (true support),20260917,3,10,0.041666666666666664,0.041666666666666664,0.46875,0.09375,0.8609374999999999,1,1,1.0,1.0,0.0
synthetic_n120_p2000_k10,Oracle (true support),20260917,4,10,0.08333333333333333,0.08333333333333333,0.46875,0.03125,0.9203125,1,1,1.0,1.0,0.0
synthetic_n120_p2000_k10,Oracle (true support),20260918,0,10,0.0,0.0,0.47916666666666663,0.08333333333333333,0.8708333333333332,1,1,1.0,1.0,0.0
synthetic_n120_p2000_k10,Oracle (true support),20260918,1,10,0.0,0.0,0.47916666666666663,0.041666666666666664,0.9104166666666667,1,1,1.0,1.0,0.0
synthetic_n120_p2000_k10,Oracle (true support),20260918,2,10,0.0,0.0,0.47916666666666663,0.07291666666666667,0.8807291666666667,1,1,1.0,1.0,0.0
synthetic_n120_p2000_k10,Oracle (true support),20260918,3,10,0.08333333333333333,0.08333333333333333,0.46875,0.0625,0.890625,1,1,1.0,1.0,0.0
synthetic_n120_p2000_k10,Oracle (true support),20260918,4,10,0.08333333333333333,0.08333333333333333,0.46875,0.0625,0.890625,1,1,1.0,1.0,0.0
synthetic_n120_p2000_k10,Oracle (true support),20260919,0,10,0.125,0.12937062937062938,0.47916666666666663,0.041666666666666664,0.9104166666666667,1,1,1.0,1.0,0.0
synthetic_n120_p2000_k10,Oracle (true support),20260919,1,10,0.041666666666666664,0.038461538461538464,0.47916666666666663,0.0625,0.890625,1,1,1.0,1.0,0.0
synthetic_n120_p2000_k10,Oracle (true support),20260919,2,10,0.0,0.0,0.47916666666666663,0.08333333333333333,0.8708333333333332,1,1,1.0,1.0,0.0
synthetic_n120_p2000_k10,Oracle (true support),20260919,3,10,0.041666666666666664,0.041666666666666664,0.46875,0.052083333333333336,0.9005208333333332,1,1,1.0,1.0,0.0
synthetic_n120_p2000_k10,Oracle (true support),20260919,4,10,0.0,0.0,0.46875,0.08333333333333333,0.8708333333333332,1,1,1.0,1.0,0.0
synthetic_n120_p2000_k10,Oracle (true support),20260920,0,10,0.041666666666666664,0.038461538461538464,0.47916666666666663,0.020833333333333332,0.9302083333333333,1,1,1.0,1.0,0.0
synthetic_n120_p2000_k10,Oracle (true support),20260920,1,10,0.08333333333333333,0.09090909090909091,0.47916666666666663,0.0625,0.890625,1,1,1.0,1.0,0.0
synthetic_n120_p2000_k10,Oracle (true support),20260920,2,10,0.08333333333333333,0.08391608391608392,0.47916666666666663,0.052083333333333336,0.9005208333333332,1,1,1.0,1.0,0.0
synthetic_n120_p2000_k10,Oracle (true support),20260920,3,10,0.041666666666666664,0.041666666666666664,0.46875,0.03125,0.9203125,1,1,1.0,1.0,0.0
synthetic_n120_p2000_k10,Oracle (true support),20260920,4,10,0.0,0.0,0.46875,0.041666666666666664,0.9104166666666667,1,1,1.0,1.0,0.0
synthetic_n120_p2000_k10,Oracle (true support),20260921,0,10,0.0,0.0,0.47916666666666663,0.08333333333333333,0.8708333333333332,1,1,1.0,1.0,0.0
synthetic_n120_p2000_k10,Oracle (true support),20260921,1,10,0.125,0.13636363636363635,0.47916666666666663,0.07291666666666667,0.8807291666666667,1,1,1.0,1.0,0.0
synthetic_n120_p2000_k10,Oracle (true support),20260921,2,10,0.08333333333333333,0.07692307692307693,0.47916666666666663,0.10416666666666667,0.8510416666666667,1,1,1.0,1.0,0.0
synthetic_n120_p2000_k10,Oracle (true support),20260921,3,10,0.08333333333333333,0.08333333333333333,0.46875,0.07291666666666667,0.8807291666666667,1,1,1.0,1.0,0.0
synthetic_n120_p2000_k10,Oracle (true support),20260921,4,10,0.08333333333333333,0.08333333333333333,0.46875,0.07291666666666667,0.8807291666666667,1,1,1.0,1.0,0.0
synthetic_n120_p2000_k10,Oracle (true support),20260922,0,10,0.041666666666666664,0.045454545454545456,0.47916666666666663,0.07291666666666667,0.8807291666666667,1,1,1.0,1.0,0.0
synthetic_n120_p2000_k10,Oracle (true support),20260922,1,10,0.041666666666666664,0.045454545454545456,0.47916666666666663,0.10416666666666667,0.8510416666666667,1,1,1.0,1.0,0.0
synthetic_n120_p2000_k10,Oracle (true support),20260922,2,10,0.08333333333333333,0.07692307692307693,0.47916666666666663,0.0625,0.890625,1,1,1.0,1.0,0.0
synthetic_n120_p2000_k10,Oracle (true support),20260922,3,10,0.041666666666666664,0.041666666666666664,0.46875,0.07291666666666667,0.8807291666666667,1,1,1.0,1.0,0.0
synthetic_n120_p2000_k10,Oracle (true support),20260922,4,10,0.08333333333333333,0.08333333333333333,0.46875,0.041666666666666664,0.9104166666666667,1,1,1.0,1.0,0.0
synthetic_n120_p2000_k10,Oracle (true support),20260923,0,10,0.08333333333333333,0.08391608391608392,0.47916666666666663,0.09375,0.8609374999999999,1,1,1.0,1.0,0.0
synthetic_n120_p2000_k10,Oracle (true support),20260923,1,10,0.08333333333333333,0.07692307692307693,0.47916666666666663,0.0625,0.890625,1,1,1.0,1.0,0.0
synthetic_n120_p2000_k10,Oracle (true support),20260923,2,10,0.041666666666666664,0.045454545454545456,0.47916666666666663,0.07291666666666667,0.8807291666666667,1,1,1.0,1.0,0.0
synthetic_n120_p2000_k10,Oracle (true support),20260923,3,10,0.08333333333333333,0.08333333333333333,0.46875,0.11458333333333333,0.8411458333333333,1,1,1.0,1.0,0.0
synthetic_n120_p2000_k10,Oracle (true support),20260923,4,10,0.08333333333333333,0.08333333333333333,0.46875,0.052083333333333336,0.9005208333333332,1,1,1.0,1.0,0.0
colon,NSGA-II,20260914,0,5,0.15384615384615385,0.1625,0.34693877551020413,0.0196078431372549,0.9741605392156861,9,885,,,
colon,NSGA-II,20260914,1,12,0.23076923076923078,0.2625,0.34693877551020413,0.0392156862745098,0.9532843137254902,9,888,,,
colon,NSGA-II,20260914,2,7,0.3333333333333333,0.4375,0.36,0.0196078431372549,0.9728125000000001,6,876,,,
colon,NSGA-II,20260914,3,8,0.25,0.25,0.36,0.06004901960784314,0.9324632352941176,8,894,,,
colon,NSGA-II,20260914,4,4,0.25,0.3125,0.36,0.06127450980392157,0.933235294117647,7,887,,,
colon,NSGA-II,20260915,0,7,0.23076923076923078,0.225,0.34693877551020413,0.04044117647058824,0.9521323529411765,8,887,,,
colon,NSGA-II,20260915,1,5,0.3076923076923077,0.2875,0.34693877551020413,0.04044117647058824,0.9539644607843139,3,885,,,
colon,NSGA-II,20260915,2,20,0.08333333333333333,0.125,0.36,0.020833333333333332,0.969859068627451,9,888,,,
colon,NSGA-II,20260915,3,14,0.16666666666666666,0.125,0.36,0.0196078431372549,0.9701960784313725,12,888,,,
colon,NSGA-II,20260915,4,14,0.25,0.3125,0.36,0.04044117647058824,0.9512132352941176,7,880,,,
colon,NSGA-II,20260916,0,3,0.23076923076923078,0.2625,0.34693877551020413,0.06004901960784314,0.9342218137254901,3,883,,,
colon,NSGA-II,20260916,1,11,0.07692307692307693,0.0625,0.34693877551020413,0.08088235294117647,0.9134558823529412,9,889,,,
colon,NSGA-II,20260916,2,7,0.3333333333333333,0.4375,0.36,0.0196078431372549,0.9733946078431372,6,881,,,
colon,NSGA-II,20260916,3,12,0.16666666666666666,0.1875,0.36,0.041666666666666664,0.9505392156862746,8,880,,,
colon,NSGA-II,20260916,4,10,0.4166666666666667,0.375,0.36,0.0392156862745098,0.954123774509804,6,888,,,
colon,NSGA-II,20260917,0,23,0.38461538461538464,0.35,0.34693877551020413,0.041666666666666664,0.9488725490196077,6,891,,,
colon,NSGA-II,20260917,1,6,0.0,0.0,0.34693877551020413,0.04044117647058824,0.952469362745098,5,864,,,
colon,NSGA-II,20260917,2,8,0.16666666666666666,0.125,0.36,0.0588235294117647,0.934950980392157,8,891,,,
colon,NSGA-II,20260917,3,5,0.25,0.375,0.36,0.0196078431372549,0.974405637254902,5,880,,,
colon,NSGA-II,20260917,4,19,0.25,0.25,0.36,0.0196078431372549,0.9714950980392156,9,894,,,
colon,NSGA-II,20260918,0,5,0.15384615384615385,0.125,0.34693877551020413,0.06127450980392157,0.9331924019607842,6,878,,,
colon,NSGA-II,20260918,1,20,0.23076923076923078,0.2625,0.34693877551020413,0.07965686274509805,0.9130698529411764,7,887,,,
colon,NSGA-II,20260918,2,6,0.5,0.5625,0.36,0.0588235294117647,0.9353186274509805,6,893,,,
colon,NSGA-II,20260918,3,11,0.16666666666666666,0.1875,0.36,0.0,0.9926593137254903,5,889,,,
colon,NSGA-II,20260918,4,5,0.16666666666666666,0.1875,0.36,0.0392156862745098,0.9552696078431373,5,890,,,
colon,NSGA-II,20260919,0,8,0.23076923076923078,0.2625,0.34693877551020413,0.0,0.9928799019607842,6,885,,,
colon,NSGA-II,20260919,1,21,0.23076923076923078,0.1875,0.34693877551020413,0.020833333333333332,0.9687071078431373,12,893,,,
colon,NSGA-II,20260919,2,9,0.08333333333333333,0.125,0.36,0.06004901960784314,0.9338541666666668,5,889,,,
colon,NSGA-II,20260919,3,16,0.25,0.3125,0.36,0.0196078431372549,0.9703431372549021,9,889,,,
colon,NSGA-II,20260919,4,8,0.3333333333333333,0.25,0.36,0.0196078431372549,0.9729105392156864,5,894,,,
colon,NSGA-II,20260920,0,10,0.07692307692307693,0.0625,0.34693877551020413,0.04044117647058824,0.951936274509804,8,883,,,
colon,NSGA-II,20260920,1,12,0.38461538461538464,0.425,0.34693877551020413,0.020833333333333332,0.9705147058823529,6,885,,,
colon,NSGA-II,20260920,2,7,0.4166666666666667,0.4375,0.36,0.0392156862745098,0.954950980392157,6,883,,,
colon,NSGA-II,20260920,3,16,0.16666666666666666,0.1875,0.36,0.020833333333333332,0.9707781862745098,9,893,,,
colon,NSGA-II,20260920,4,8,0.5833333333333334,0.6875,0.36,0.0196078431372549,0.9729901960784314,6,891,,,
colon,NSGA-II,20260921,0,7,0.23076923076923078,0.2625,0.34693877551020413,0.020833333333333332,0.973063725490196,5,893,,,
colon,NSGA-II,20260921,1,6,0.15384615384615385,0.2,0.34693877551020413,0.06127450980392157,0.9328308823529413,5,880,,,
colon,NSGA-II,20260921,2,6,0.08333333333333333,0.0625,0.36,0.020833333333333332,0.9715808823529412,6,886,,,
colon,NSGA-II,20260921,3,13,0.0,0.0,0.36,0.04044117647058824,0.9518566176470589,9,885,,,
colon,NSGA-II,20260921,4,4,0.16666666666666666,0.1875,0.36,0.0196078431372549,0.9743872549019608,4,884,,,
colon,NSGA-II,20260922,0,5,0.15384615384615385,0.1625,0.34693877551020413,0.04044117647058824,0.9530330882352941,7,881,,,
colon,NSGA-II,20260922,1,4,0.07692307692307693,0.0625,0.34693877551020413,0.020833333333333332,0.973155637254902,5,885,,,
colon,NSGA-II,20260922,2,4,0.16666666666666666,0.1875,0.36,0.0588235294117647,0.935765931372549,5,893,,,
colon,NSGA-II,20260922,3,3,0.16666666666666666,0.1875,0.36,0.0392156862745098,0.9554718137254902,5,880,,,
colon,NSGA-II,20260922,4,11,0.3333333333333333,0.375,0.36,0.020833333333333332,0.9701960784313726,9,883,,,
colon,NSGA-II,20260923,0,7,0.07692307692307693,0.1,0.34693877551020413,0.0392156862745098,0.9545894607843136,5,879,,,
colon,NSGA-II,20260923,1,12,0.15384615384615385,0.125,0.34693877551020413,0.020833333333333332,0.9705514705882353,6,888,,,
colon,NSGA-II,20260923,2,7,0.25,0.3125,0.36,0.0,0.993406862745098,6,883,,,
colon,NSGA-II,20260923,3,16,0.08333333333333333,0.0625,0.36,0.0392156862745098,0.9532598039215685,8,889,,,
colon,NSGA-II,20260923,4,6,0.0,0.0,0.36,0.0588235294117647,0.9349571078431372,9,883,,,
colon,NSGA-III,20260914,0,6,0.23076923076923078,0.225,0.34693877551020413,0.0196078431372549,0.9741666666666667,5,889,,,
colon,NSGA-III,20260914,1,6,0.07692307692307693,0.1,0.34693877551020413,0.10171568627450982,0.8930943627450981,4,890,,,
colon,NSGA-III,20260914,2,6,0.08333333333333333,0.125,0.36,0.04044117647058824,0.9527634803921569,5,888,,,
colon,NSGA-III,20260914,3,7,0.3333333333333333,0.4375,0.36,0.020833333333333332,0.9719301470588236,5,894,,,
colon,NSGA-III,20260914,4,5,0.25,0.25,0.36,0.04044117647058824,0.9536458333333333,4,894,,,
colon,NSGA-III,20260915,0,5,0.0,0.0,0.34693877551020413,0.06127450980392157,0.9333026960784313,3,889,,,
colon,NSGA-III,20260915,1,4,0.23076923076923078,0.225,0.34693877551020413,0.020833333333333332,0.9734681372549019,3,896,,,
colon,NSGA-III,20260915,2,8,0.25,0.25,0.36,0.0588235294117647,0.9345343137254902,5,883,,,
colon,NSGA-III,20260915,3,5,0.0,0.0,0.36,0.0196078431372549,0.9737867647058823,5,893,,,
colon,NSGA-III,20260915,4,10,0.3333333333333333,0.375,0.36,0.04044117647058824,0.9521997549019607,4,895,,,
colon,NSGA-III,20260916,0,13,0.07692307692307693,0.1,0.34693877551020413,0.0392156862745098,0.9523345588235294,6,900,,,
colon,NSGA-III,20260916,1,9,0.15384615384615385,0.1625,0.34693877551020413,0.06004901960784314,0.9331066176470588,5,883,,,
colon,NSGA-III,20260916,2,14,0.16666666666666666,0.125,0.36,0.0392156862745098,0.9532414215686275,6,888,,,
colon,NSGA-III,20260916,3,6,0.25,0.3125,0.36,0.041666666666666664,0.9520649509803922,4,888,,,
colon,NSGA-III,20260916,4,6,0.4166666666666667,0.375,0.36,0.04044117647058824,0.9527879901960784,6,882,,,
colon,NSGA-III,20260917,0,8,0.3076923076923077,0.25,0.34693877551020413,0.020833333333333332,0.9709252450980392,4,891,,,
colon,NSGA-III,20260917,1,8,0.0,0.0,0.34693877551020413,0.0625,0.9303492647058823,6,888,,,
colon,NSGA-III,20260917,2,10,0.16666666666666666,0.1875,0.36,0.07965686274509803,0.9139889705882351,4,890,,,
colon,NSGA-III,20260917,3,7,0.16666666666666666,0.25,0.36,0.0392156862745098,0.954889705882353,3,893,,,
colon,NSGA-III,20260917,4,2,0.3333333333333333,0.375,0.36,0.0392156862745098,0.9556801470588235,2,888,,,
colon,NSGA-III,20260918,0,7,0.15384615384615385,0.1625,0.34693877551020413,0.06127450980392157,0.9325674019607842,4,888,,,
colon,NSGA-III,20260918,1,9,0.23076923076923078,0.2625,0.34693877551020413,0.06127450980392157,0.9318259803921568,6,890,,,
colon,NSGA-III,20260918,2,3,0.25,0.1875,0.36,0.04044117647058824,0.9533639705882352,3,893,,,
colon,NSGA-III,20260918,3,5,0.25,0.3125,0.36,0.0,0.9927941176470589,3,890,,,
colon,NSGA-III,20260918,4,14,0.3333333333333333,0.375,0.36,0.0196078431372549,0.9706372549019608,7,896,,,
colon,NSGA-III,20260919,0,4,0.15384615384615385,0.2,0.34693877551020413,0.0392156862745098,0.955049019607843,4,890,,,
colon,NSGA-III,20260919,1,11,0.3076923076923077,0.2875,0.34693877551020413,0.020833333333333332,0.9705821078431371,7,896,,,
colon,NSGA-III,20260919,2,7,0.16666666666666666,0.25,0.36,0.07965686274509803,0.9138235294117647,4,881,,,
colon,NSGA-III,20260919,3,16,0.25,0.3125,0.36,0.0196078431372549,0.9687561274509805,4,894,,,
colon,NSGA-III,20260919,4,8,0.08333333333333333,0.0625,0.36,0.0196078431372549,0.9724080882352941,5,887,,,
colon,NSGA-III,20260920,0,4,0.15384615384615385,0.1625,0.34693877551020413,0.0196078431372549,0.9745894607843137,3,893,,,
colon,NSGA-III,20260920,1,4,0.3076923076923077,0.3625,0.34693877551020413,0.04044117647058824,0.9529289215686273,4,893,,,
colon,NSGA-III,20260920,2,8,0.25,0.3125,0.36,0.020833333333333332,0.9709681372549018,4,895,,,
colon,NSGA-III,20260920,3,13,0.25,0.25,0.36,0.04044117647058824,0.9515686274509805,5,898,,,
colon,NSGA-III,20260920,4,9,0.4166666666666667,0.5,0.36,0.0196078431372549,0.9734313725490195,4,896,,,
colon,NSGA-III,20260921,0,3,0.23076923076923078,0.225,0.34693877551020413,0.04044117647058824,0.9540379901960784,3,890,,,
colon,NSGA-III,20260921,1,7,0.15384615384615385,0.2,0.34693877551020413,0.04044117647058824,0.9526409313725489,4,888,,,
colon,NSGA-III,20260921,2,10,0.08333333333333333,0.0625,0.36,0.041666666666666664,0.9505882352941177,4,894,,,
colon,NSGA-III,20260921,3,5,0.08333333333333333,0.0625,0.36,0.06004901960784314,0.9341482843137255,5,892,,,
colon,NSGA-III,20260921,4,7,0.25,0.3125,0.36,0.0392156862745098,0.9529656862745098,2,896,,,
colon,NSGA-III,20260922,0,6,0.15384615384615385,0.1625,0.34693877551020413,0.04044117647058824,0.952640931372549,5,884,,,
colon,NSGA-III,20260922,1,18,0.23076923076923078,0.225,0.34693877551020413,0.04044117647058824,0.9529656862745097,6,885,,,
colon,NSGA-III,20260922,2,9,0.25,0.3125,0.36,0.07965686274509803,0.9115686274509804,3,881,,,
colon,NSGA-III,20260922,3,7,0.16666666666666666,0.1875,0.36,0.0,0.9931862745098039,4,886,,,
colon,NSGA-III,20260922,4,7,0.08333333333333333,0.125,0.36,0.020833333333333332,0.9718566176470589,6,893,,,
colon,NSGA-III,20260923,0,4,0.23076923076923078,0.3,0.34693877551020413,0.05882352941176471,0.9356678921568626,3,892,,,
colon,NSGA-III,20260923,1,10,0.15384615384615385,0.125,0.34693877551020413,0.04044117647058824,0.9525428921568628,4,888,,,
colon,NSGA-III,20260923,2,5,0.25,0.25,0.36,0.0196078431372549,0.9742585784313725,4,892,,,
colon,NSGA-III,20260923,3,6,0.16666666666666666,0.1875,0.36,0.04044117647058824,0.9534620098039215,4,892,,,
colon,NSGA-III,20260923,4,7,0.0,0.0,0.36,0.0392156862745098,0.9544914215686274,3,885,,,
colon,Random subsets,20260914,0,19,0.3076923076923077,0.2875,0.34693877551020413,0.0392156862745098,0.9469178921568627,3,900,,,
colon,Random subsets,20260914,1,24,0.38461538461538464,0.425,0.34693877551020413,0.10171568627450982,0.886470588235294,6,900,,,
colon,Random subsets,20260914,2,3,0.25,0.375,0.36,0.11764705882352942,0.8733149509803921,2,900,,,
colon,Random subsets,20260914,3,2,0.25,0.3125,0.36,0.11764705882352942,0.8735294117647059,1,900,,,
colon,Random subsets,20260914,4,27,0.16666666666666666,0.125,0.36,0.10049019607843136,0.8871446078431373,3,900,,,
colon,Random subsets,20260915,0,11,0.0,0.0,0.34693877551020413,0.12254901960784315,0.8676838235294118,2,900,,,
colon,Random subsets,20260915,1,24,0.3076923076923077,0.2875,0.34693877551020413,0.0821078431372549,0.9060294117647059,5,900,,,
colon,Random subsets,20260915,2,30,0.16666666666666666,0.1875,0.36,0.07965686274509803,0.9077267156862746,4,900,,,
colon,Random subsets,20260915,3,20,0.0,0.0,0.36,0.07965686274509803,0.9053063725490197,5,900,,,
colon,Random subsets,20260915,4,12,0.3333333333333333,0.375,0.36,0.06004901960784314,0.9274264705882351,6,900,,,
colon,Random subsets,20260916,0,2,0.38461538461538464,0.425,0.34693877551020413,0.10171568627450982,0.8893014705882353,1,900,,,
colon,Random subsets,20260916,1,51,0.15384615384615385,0.1625,0.34693877551020413,0.10294117647058824,0.8816544117647058,6,900,,,
colon,Random subsets,20260916,2,28,0.3333333333333333,0.375,0.36,0.10049019607843136,0.8865747549019607,6,900,,,
colon,Random subsets,20260916,3,24,0.3333333333333333,0.375,0.36,0.12009803921568628,0.8701899509803923,3,900,,,
colon,Random subsets,20260916,4,9,0.5,0.625,0.36,0.10171568627450982,0.888155637254902,6,900,,,
colon,Random subsets,20260917,0,34,0.23076923076923078,0.1875,0.34693877551020413,0.0821078431372549,0.905422794117647,5,900,,,
colon,Random subsets,20260917,1,5,0.0,0.0,0.34693877551020413,0.1433823529411765,0.8474264705882353,2,900,,,
colon,Random subsets,20260917,2,5,0.08333333333333333,0.125,0.36,0.11887254901960785,0.871703431372549,3,900,,,
colon,Random subsets,20260917,3,6,0.25,0.375,0.36,0.09926470588235294,0.890594362745098,3,900,,,
colon,Random subsets,20260917,4,7,0.4166666666666667,0.4375,0.36,0.0784313725490196,0.9115073529411765,3,900,,,
colon,Random subsets,20260918,0,10,0.07692307692307693,0.0625,0.34693877551020413,0.0821078431372549,0.9059191176470589,4,900,,,
colon,Random subsets,20260918,1,2,0.23076923076923078,0.3,0.34693877551020413,0.0625,0.928125,1,900,,,
colon,Random subsets,20260918,2,22,0.3333333333333333,0.3125,0.36,0.06127450980392157,0.9246262254901962,5,900,,,
colon,Random subsets,20260918,3,27,0.4166666666666667,0.4375,0.36,0.06127450980392157,0.9264031862745099,5,900,,,
colon,Random subsets,20260918,4,16,0.3333333333333333,0.375,0.36,0.07965686274509803,0.9093688725490197,4,900,,,
colon,Random subsets,20260919,0,15,0.23076923076923078,0.2625,0.34693877551020413,0.020833333333333332,0.9645343137254901,3,900,,,
colon,Random subsets,20260919,1,15,0.38461538461538464,0.3875,0.34693877551020413,0.06127450980392157,0.9273713235294118,4,900,,,
colon,Random subsets,20260919,2,13,0.25,0.375,0.36,0.1213235294117647,0.868094362745098,3,900,,,
colon,Random subsets,20260919,3,32,0.25,0.25,0.36,0.10049019607843136,0.8868504901960783,5,900,,,
colon,Random subsets,20260919,4,8,0.3333333333333333,0.3125,0.36,0.1176470588235294,0.8728431372549021,3,900,,,
colon,Random subsets,20260920,0,59,0.15384615384615385,0.125,0.34693877551020413,0.10049019607843139,0.8840931372549019,4,900,,,
colon,Random subsets,20260920,1,52,0.15384615384615385,0.1625,0.34693877551020413,0.10049019607843139,0.8862867647058823,8,900,,,
colon,Random subsets,20260920,2,38,0.3333333333333333,0.4375,0.36,0.07965686274509803,0.9051776960784313,6,900,,,
colon,Random subsets,20260920,3,85,0.16666666666666666,0.1875,0.36,0.07965686274509803,0.9016850490196079,6,900,,,
colon,Random subsets,20260920,4,24,0.16666666666666666,0.125,0.36,0.0784313725490196,0.9094240196078432,6,900,,,
colon,Random subsets,20260921,0,12,0.15384615384615385,0.1625,0.34693877551020413,0.04044117647058824,0.9462499999999999,3,900,,,
colon,Random subsets,20260921,1,13,0.23076923076923078,0.1875,0.34693877551020413,0.10171568627450982,0.8868688725490196,3,900,,,
colon,Random subsets,20260921,2,19,0.3333333333333333,0.25,0.36,0.10049019607843139,0.8887499999999999,3,900,,,
colon,Random subsets,20260921,3,9,0.25,0.1875,0.36,0.10171568627450982,0.8877450980392158,4,900,,,
colon,Random subsets,20260921,4,15,0.16666666666666666,0.1875,0.36,0.0588235294117647,0.9287622549019607,4,900,,,
colon,Random subsets,20260922,0,16,0.23076923076923078,0.2625,0.34693877551020413,0.06004901960784314,0.9256678921568627,11,900,,,
colon,Random subsets,20260922,1,10,0.38461538461538464,0.3875,0.34693877551020413,0.10171568627450982,0.8876838235294118,2,900,,,
colon,Random subsets,20260922,2,32,0.25,0.25,0.36,0.13970588235294118,0.8477879901960784,6,900,,,
colon,Random subsets,20260922,3,8,0.25,0.25,0.36,0.06004901960784314,0.9286825980392157,3,900,,,
colon,Random subsets,20260922,4,4,0.25,0.3125,0.36,0.12009803921568628,0.8708823529411766,2,900,,,
colon,Random subsets,20260923,0,70,0.23076923076923078,0.2625,0.34693877551020413,0.07965686274509805,0.9093382352941176,4,900,,,
colon,Random subsets,20260923,1,12,0.38461538461538464,0.425,0.34693877551020413,0.041666666666666664,0.9445833333333332,4,900,,,
colon,Random subsets,20260923,2,8,0.25,0.3125,0.36,0.07965686274509803,0.909889705882353,2,900,,,
colon,Random subsets,20260923,3,3,0.16666666666666666,0.1875,0.36,0.08088235294117647,0.9095220588235294,2,900,,,
colon,Random subsets,20260923,4,23,0.16666666666666666,0.1875,0.36,0.13848039215686275,0.8513848039215686,7,900,,,
colon,t-test + BH,20260914,0,2,0.23076923076923078,0.225,0.34693877551020413,0.0392156862745098,0.9554656862745098,2,9,,,
colon,t-test + BH,20260914,1,5,0.07692307692307693,0.1,0.34693877551020413,0.12254901960784315,0.872671568627451,2,9,,,
colon,t-test + BH,20260914,2,2,0.0,0.0,0.36,0.12009803921568628,0.8752022058823529,2,9,,,
colon,t-test + BH,20260914,3,5,0.16666666666666666,0.1875,0.36,0.07965686274509803,0.9152267156862745,3,9,,,
colon,t-test + BH,20260914,4,5,0.08333333333333333,0.0625,0.36,0.08088235294117647,0.9137990196078432,3,9,,,
colon,t-test + BH,20260915,0,2,0.0,0.0,0.34693877551020413,0.12377450980392157,0.8717401960784313,2,9,,,
colon,t-test + BH,20260915,1,5,0.23076923076923078,0.225,0.34693877551020413,0.0821078431372549,0.9129105392156863,2,9,,,
colon,t-test + BH,20260915,2,5,0.16666666666666666,0.1875,0.36,0.10049019607843136,0.8940441176470588,3,9,,,
colon,t-test + BH,20260915,3,20,0.08333333333333333,0.125,0.36,0.12009803921568628,0.8727144607843137,3,9,,,
colon,t-test + BH,20260915,4,5,0.25,0.3125,0.36,0.06004901960784314,0.9344424019607843,2,9,,,
colon,t-test + BH,20260916,0,2,0.23076923076923078,0.2625,0.34693877551020413,0.08088235294117647,0.9144240196078431,2,9,,,
colon,t-test + BH,20260916,1,5,0.0,0.0,0.34693877551020413,0.12377450980392157,0.8710355392156863,2,9,,,
colon,t-test + BH,20260916,2,10,0.08333333333333333,0.0625,0.36,0.07965686274509803,0.913921568627451,4,9,,,
colon,t-test + BH,20260916,3,10,0.25,0.25,0.36,0.08088235294117647,0.9134436274509805,3,9,,,
colon,t-test + BH,20260916,4,5,0.16666666666666666,0.1875,0.36,0.08088235294117647,0.9135355392156863,3,9,,,
colon,t-test + BH,20260917,0,5,0.23076923076923078,0.1875,0.34693877551020413,0.08333333333333333,0.9110539215686275,3,9,,,
colon,t-test + BH,20260917,1,2,0.0,0.0,0.34693877551020413,0.10416666666666667,0.8911458333333333,2,9,,,
colon,t-test + BH,20260917,2,5,0.0,0.0,0.36,0.12009803921568628,0.8747120098039216,3,9,,,
colon,t-test + BH,20260917,3,5,0.16666666666666666,0.25,0.36,0.09926470588235294,0.8957414215686276,3,9,,,
colon,t-test + BH,20260917,4,5,0.25,0.25,0.36,0.06004901960784314,0.9344669117647059,2,9,,,
colon,t-test + BH,20260918,0,5,0.07692307692307693,0.0625,0.34693877551020413,0.08088235294117647,0.9134620098039217,3,9,,,
colon,t-test + BH,20260918,1,2,0.15384615384615385,0.1625,0.34693877551020413,0.10171568627450982,0.8934865196078432,2,9,,,
colon,t-test + BH,20260918,2,20,0.16666666666666666,0.125,0.36,0.0821078431372549,0.9094117647058824,4,9,,,
colon,t-test + BH,20260918,3,2,0.16666666666666666,0.1875,0.36,0.08088235294117647,0.9141176470588236,2,9,,,
colon,t-test + BH,20260918,4,10,0.16666666666666666,0.1875,0.36,0.07965686274509803,0.9144424019607843,3,9,,,
colon,t-test + BH,20260919,0,2,0.3076923076923077,0.325,0.34693877551020413,0.04044117647058824,0.9545588235294117,2,9,,,
colon,t-test + BH,20260919,1,5,0.23076923076923078,0.1875,0.34693877551020413,0.10294117647058824,0.8923406862745098,3,9,,,
colon,t-test + BH,20260919,2,20,0.08333333333333333,0.125,0.36,0.10049019607843136,0.8922732843137255,3,9,,,
colon,t-test + BH,20260919,3,20,0.0,0.0,0.36,0.12009803921568628,0.8752879901960785,3,9,,,
colon,t-test + BH,20260919,4,10,0.0,0.0,0.36,0.09926470588235294,0.8947977941176471,4,9,,,
colon,t-test + BH,20260920,0,2,0.07692307692307693,0.0625,0.34693877551020413,0.07965686274509805,0.9154289215686274,2,9,,,
colon,t-test + BH,20260920,1,2,0.07692307692307693,0.1,0.34693877551020413,0.12254901960784315,0.8726654411764705,2,9,,,
colon,t-test + BH,20260920,2,2,0.16666666666666666,0.125,0.36,0.07965686274509803,0.915343137254902,2,9,,,
colon,t-test + BH,20260920,3,5,0.16666666666666666,0.1875,0.36,0.07965686274509803,0.9152267156862746,3,9,,,
colon,t-test + BH,20260920,4,5,0.16666666666666666,0.1875,0.36,0.05882352941176471,0.9350735294117647,3,9,,,
colon,t-test + BH,20260921,0,2,0.15384615384615385,0.1625,0.34693877551020413,0.0625,0.9324142156862745,2,9,,,
colon,t-test + BH,20260921,1,2,0.07692307692307693,0.0625,0.34693877551020413,0.12132352941176472,0.8740808823529412,2,9,,,
colon,t-test + BH,20260921,2,5,0.16666666666666666,0.125,0.36,0.08088235294117647,0.9135355392156863,3,9,,,
colon,t-test + BH,20260921,3,5,0.0,0.0,0.36,0.1213235294117647,0.8731066176470588,2,9,,,
colon,t-test + BH,20260921,4,10,0.16666666666666666,0.1875,0.36,0.07965686274509803,0.9145098039215686,3,9,,,
colon,t-test + BH,20260922,0,5,0.15384615384615385,0.1625,0.34693877551020413,0.08088235294117647,0.9132107843137256,3,9,,,
colon,t-test + BH,20260922,1,20,0.15384615384615385,0.125,0.34693877551020413,0.06127450980392157,0.9291605392156863,4,9,,,
colon,t-test + BH,20260922,2,2,0.16666666666666666,0.25,0.36,0.1213235294117647,0.8740747549019608,2,9,,,
colon,t-test + BH,20260922,3,2,0.3333333333333333,0.375,0.36,0.07965686274509805,0.9156372549019608,2,9,,,
colon,t-test + BH,20260922,4,2,0.0,0.0,0.36,0.10049019607843136,0.8946017156862744,2,9,,,
colon,t-test + BH,20260923,0,5,0.07692307692307693,0.1,0.34693877551020413,0.10049019607843139,0.8939828431372548,3,9,,,
colon,t-test + BH,20260923,1,10,0.15384615384615385,0.125,0.34693877551020413,0.0625,0.9318321078431373,3,9,,,
colon,t-test + BH,20260923,2,2,0.16666666666666666,0.1875,0.36,0.06004901960784314,0.9349448529411765,2,9,,,
colon,t-test + BH,20260923,3,10,0.16666666666666666,0.1875,0.36,0.08088235294117647,0.9131433823529412,4,9,,,
colon,t-test + BH,20260923,4,2,0.0,0.0,0.36,0.12009803921568628,0.8751960784313725,2,9,,,
colon,mRMR,20260914,0,2,0.23076923076923078,0.225,0.34693877551020413,0.0392156862745098,0.9554656862745098,2,7,,,
colon,mRMR,20260914,1,5,0.07692307692307693,0.1,0.34693877551020413,0.12254901960784315,0.872561274509804,3,7,,,
colon,mRMR,20260914,2,2,0.0,0.0,0.36,0.12009803921568628,0.8752022058823529,2,7,,,
colon,mRMR,20260914,3,10,0.25,0.25,0.36,0.07965686274509803,0.9144301470588235,4,7,,,
colon,mRMR,20260914,4,5,0.08333333333333333,0.0625,0.36,0.08088235294117647,0.9129534313725491,2,7,,,
colon,mRMR,20260915,0,2,0.15384615384615385,0.1625,0.34693877551020413,0.10294117647058824,0.8923651960784313,2,7,,,
colon,mRMR,20260915,1,2,0.15384615384615385,0.125,0.34693877551020413,0.06127450980392157,0.9338296568627451,2,7,,,
colon,mRMR,20260915,2,2,0.16666666666666666,0.1875,0.36,0.07965686274509803,0.9155330882352941,2,7,,,
colon,mRMR,20260915,3,20,0.0,0.0,0.36,0.13970588235294118,0.8556740196078431,3,7,,,
colon,mRMR,20260915,4,5,0.25,0.3125,0.36,0.06004901960784314,0.9344424019607843,2,7,,,
colon,mRMR,20260916,0,2,0.23076923076923078,0.2625,0.34693877551020413,0.08088235294117647,0.9144240196078431,2,7,,,
colon,mRMR,20260916,1,2,0.0,0.0,0.34693877551020413,0.12254901960784315,0.8728615196078432,2,7,,,
colon,mRMR,20260916,2,2,0.08333333333333333,0.0625,0.36,0.09926470588235294,0.8959313725490197,2,7,,,
colon,mRMR,20260916,3,35,0.25,0.25,0.36,0.10049019607843136,0.8948161764705883,3,7,,,
colon,mRMR,20260916,4,2,0.25,0.25,0.36,0.07965686274509803,0.9153370098039216,2,7,,,
colon,mRMR,20260917,0,2,0.23076923076923078,0.1875,0.34693877551020413,0.08333333333333333,0.9118872549019608,2,7,,,
colon,mRMR,20260917,1,2,0.0,0.0,0.34693877551020413,0.10416666666666667,0.8911458333333333,2,7,,,
colon,mRMR,20260917,2,35,0.08333333333333333,0.125,0.36,0.12009803921568628,0.8711519607843138,4,7,,,
colon,mRMR,20260917,3,5,0.16666666666666666,0.25,0.36,0.09926470588235294,0.8958394607843138,2,7,,,
colon,mRMR,20260917,4,5,0.25,0.25,0.36,0.06004901960784314,0.9344669117647059,2,7,,,
colon,mRMR,20260918,0,5,0.07692307692307693,0.0625,0.34693877551020413,0.10171568627450982,0.8932475490196078,3,7,,,
colon,mRMR,20260918,1,2,0.15384615384615385,0.1625,0.34693877551020413,0.10171568627450982,0.8934865196078432,2,7,,,
colon,mRMR,20260918,2,20,0.16666666666666666,0.125,0.36,0.0821078431372549,0.9107475490196077,4,7,,,
colon,mRMR,20260918,3,35,0.16666666666666666,0.1875,0.36,0.06127450980392157,0.9285294117647059,4,7,,,
colon,mRMR,20260918,4,5,0.25,0.3125,0.36,0.07965686274509803,0.9152267156862745,3,7,,,
colon,mRMR,20260919,0,2,0.3076923076923077,0.325,0.34693877551020413,0.04044117647058824,0.9545588235294117,2,7,,,
colon,mRMR,20260919,1,5,0.23076923076923078,0.1875,0.34693877551020413,0.10294117647058824,0.8923406862745098,3,7,,,
colon,mRMR,20260919,2,20,0.08333333333333333,0.125,0.36,0.10049019607843136,0.8921446078431372,4,7,,,
colon,mRMR,20260919,3,2,0.08333333333333333,0.0625,0.36,0.1213235294117647,0.8741850490196079,2,7,,,
colon,mRMR,20260919,4,10,0.0,0.0,0.36,0.12009803921568628,0.8745159313725491,3,7,,,
colon,mRMR,20260920,0,5,0.07692307692307693,0.0625,0.34693877551020413,0.09926470588235294,0.8959987745098039,3,7,,,
colon,mRMR,20260920,1,50,0.07692307692307693,0.1,0.34693877551020413,0.12254901960784315,0.8714399509803921,5,7,,,
colon,mRMR,20260920,2,5,0.16666666666666666,0.125,0.36,0.10049019607843136,0.8946139705882353,3,7,,,
colon,mRMR,20260920,3,5,0.16666666666666666,0.1875,0.36,0.07965686274509803,0.9152267156862746,3,7,,,
colon,mRMR,20260920,4,10,0.25,0.3125,0.36,0.0784313725490196,0.9154656862745097,4,7,,,
colon,mRMR,20260921,0,2,0.15384615384615385,0.1625,0.34693877551020413,0.0625,0.9324142156862745,2,7,,,
colon,mRMR,20260921,1,5,0.15384615384615385,0.1625,0.34693877551020413,0.10049019607843139,0.8943933823529412,3,7,,,
colon,mRMR,20260921,2,2,0.08333333333333333,0.0625,0.36,0.08088235294117647,0.914123774509804,2,7,,,
colon,mRMR,20260921,3,2,0.0,0.0,0.36,0.1213235294117647,0.8740870098039216,2,7,,,
colon,mRMR,20260921,4,10,0.16666666666666666,0.1875,0.36,0.07965686274509803,0.9148161764705882,3,7,,,
colon,mRMR,20260922,0,10,0.23076923076923078,0.2625,0.34693877551020413,0.07965686274509805,0.9149816176470589,4,7,,,
colon,mRMR,20260922,1,20,0.15384615384615385,0.125,0.34693877551020413,0.06127450980392157,0.9298713235294117,3,7,,,
colon,mRMR,20260922,2,35,0.0,0.0,0.36,0.13970588235294118,0.8522365196078432,3,7,,,
colon,mRMR,20260922,3,2,0.3333333333333333,0.375,0.36,0.07965686274509805,0.9156495098039216,2,7,,,
colon,mRMR,20260922,4,2,0.0,0.0,0.36,0.10049019607843136,0.8946997549019609,2,7,,,
colon,mRMR,20260923,0,2,0.15384615384615385,0.1625,0.34693877551020413,0.07965686274509805,0.9153370098039216,2,7,,,
colon,mRMR,20260923,1,10,0.15384615384615385,0.125,0.34693877551020413,0.0625,0.9318321078431373,3,7,,,
colon,mRMR,20260923,2,2,0.16666666666666666,0.1875,0.36,0.06004901960784314,0.9349448529411765,2,7,,,
colon,mRMR,20260923,3,5,0.16666666666666666,0.1875,0.36,0.08088235294117647,0.9141053921568627,2,7,,,
colon,mRMR,20260923,4,5,0.0,0.0,0.36,0.12009803921568628,0.8749632352941177,3,7,,,
colon,LASSO path,20260914,0,20,0.23076923076923078,0.225,0.34693877551020413,0.0,0.9818014705882353,4,7,,,
colon,LASSO path,20260914,1,18,0.15384615384615385,0.2,0.34693877551020413,0.0,0.9860416666666667,3,7,,,
colon,LASSO path,20260914,2,24,0.0,0.0,0.36,0.0,0.9740808823529411,4,7,,,
colon,LASSO path,20260914,3,22,0.16666666666666666,0.1875,0.36,0.0,0.9833088235294117,4,7,,,
colon,LASSO path,20260914,4,25,0.16666666666666666,0.125,0.36,0.020833333333333332,0.9623713235294117,3,7,,,
colon,LASSO path,20260915,0,23,0.0,0.0,0.34693877551020413,0.020833333333333332,0.9648100490196078,4,7,,,
colon,LASSO path,20260915,1,32,0.23076923076923078,0.1875,0.34693877551020413,0.020833333333333332,0.9657046568627451,3,7,,,
colon,LASSO path,20260915,2,23,0.16666666666666666,0.1875,0.36,0.0196078431372549,0.9621507352941175,3,7,,,
colon,LASSO path,20260915,3,35,0.0,0.0,0.36,0.04044117647058824,0.9340992647058824,5,7,,,
colon,LASSO path,20260915,4,42,0.16666666666666666,0.1875,0.36,0.0,0.9817953431372549,4,7,,,
colon,LASSO path,20260916,0,20,0.15384615384615385,0.1625,0.34693877551020413,0.0196078431372549,0.9662745098039216,3,7,,,
colon,LASSO path,20260916,1,23,0.0,0.0,0.34693877551020413,0.020833333333333332,0.9638909313725491,4,7,,,
colon,LASSO path,20260916,2,28,0.08333333333333333,0.0625,0.36,0.0,0.981078431372549,3,7,,,
colon,LASSO path,20260916,3,29,0.25,0.25,0.36,0.0,0.9825000000000002,4,7,,,
colon,LASSO path,20260916,4,22,0.25,0.25,0.36,0.0,0.9844975490196078,4,7,,,
colon,LASSO path,20260917,0,22,0.23076923076923078,0.1875,0.34693877551020413,0.0,0.9800183823529413,4,7,,,
colon,LASSO path,20260917,1,24,0.0,0.0,0.34693877551020413,0.020833333333333332,0.9623958333333332,3,7,,,
colon,LASSO path,20260917,2,27,0.0,0.0,0.36,0.0196078431372549,0.9616973039215686,4,7,,,
colon,LASSO path,20260917,3,43,0.08333333333333333,0.125,0.36,0.0196078431372549,0.9633333333333333,3,7,,,
colon,LASSO path,20260917,4,21,0.25,0.25,0.36,0.0,0.975373774509804,4,7,,,
colon,LASSO path,20260918,0,29,0.07692307692307693,0.0625,0.34693877551020413,0.0,0.9834742647058824,4,7,,,
colon,LASSO path,20260918,1,20,0.07692307692307693,0.1,0.34693877551020413,0.0,0.9820159313725491,4,7,,,
colon,LASSO path,20260918,2,32,0.16666666666666666,0.125,0.36,0.0,0.976219362745098,5,7,,,
colon,LASSO path,20260918,3,17,0.3333333333333333,0.375,0.36,0.0,0.9811887254901961,3,7,,,
colon,LASSO path,20260918,4,35,0.16666666666666666,0.1875,0.36,0.0,0.9782904411764708,4,7,,,
colon,LASSO path,20260919,0,21,0.38461538461538464,0.425,0.34693877551020413,0.0,0.9844117647058824,4,7,,,
colon,LASSO path,20260919,1,47,0.15384615384615385,0.125,0.34693877551020413,0.0,0.980110294117647,4,7,,,
colon,LASSO path,20260919,2,25,0.0,0.0,0.36,0.0,0.9825367647058824,4,6,,,
colon,LASSO path,20260919,3,21,0.08333333333333333,0.0625,0.36,0.0,0.9810355392156863,4,7,,,
colon,LASSO path,20260919,4,29,0.25,0.1875,0.36,0.0,0.9775428921568629,4,7,,,
colon,LASSO path,20260920,0,20,0.07692307692307693,0.0625,0.34693877551020413,0.0,0.9851531862745099,4,7,,,
colon,LASSO path,20260920,1,36,0.23076923076923078,0.225,0.34693877551020413,0.041666666666666664,0.9394178921568627,4,7,,,
colon,LASSO path,20260920,2,16,0.08333333333333333,0.0625,0.36,0.0,0.9815931372549019,2,7,,,
colon,LASSO path,20260920,3,28,0.16666666666666666,0.1875,0.36,0.0196078431372549,0.9614154411764706,3,7,,,
colon,LASSO path,20260920,4,42,0.08333333333333333,0.0625,0.36,0.0,0.9836274509803922,4,7,,,
colon,LASSO path,20260921,0,25,0.15384615384615385,0.1625,0.34693877551020413,0.020833333333333332,0.9637071078431373,4,7,,,
colon,LASSO path,20260921,1,30,0.07692307692307693,0.1,0.34693877551020413,0.0196078431372549,0.9627573529411766,5,7,,,
colon,LASSO path,20260921,2,19,0.16666666666666666,0.125,0.36,0.0,0.981109068627451,4,7,,,
colon,LASSO path,20260921,3,24,0.0,0.0,0.36,0.0,0.9805882352941178,4,7,,,
colon,LASSO path,20260921,4,31,0.16666666666666666,0.1875,0.36,0.0196078431372549,0.9628431372549019,3,7,,,
colon,LASSO path,20260922,0,30,0.15384615384615385,0.1625,0.34693877551020413,0.0196078431372549,0.96125,4,7,,,
colon,LASSO path,20260922,1,18,0.23076923076923078,0.1875,0.34693877551020413,0.0,0.9848958333333333,3,7,,,
colon,LASSO path,20260922,2,30,0.0,0.0,0.36,0.0,0.9799448529411765,4,7,,,
colon,LASSO path,20260922,3,19,0.25,0.3125,0.36,0.0392156862745098,0.9398100490196077,3,7,,,
colon,LASSO path,20260922,4,18,0.08333333333333333,0.125,0.36,0.0,0.9857659313725491,3,7,,,
colon,LASSO path,20260923,0,31,0.15384615384615385,0.1625,0.34693877551020413,0.0,0.9807720588235295,4,7,,,
colon,LASSO path,20260923,1,17,0.15384615384615385,0.125,0.34693877551020413,0.0,0.9868627450980393,2,7,,,
colon,LASSO path,20260923,2,7,0.3333333333333333,0.375,0.36,0.0392156862745098,0.9455392156862744,2,7,,,
colon,LASSO path,20260923,3,32,0.16666666666666666,0.1875,0.36,0.0,0.9830575980392157,5,7,,,
colon,LASSO path,20260923,4,33,0.0,0.0,0.36,0.0196078431372549,0.9604105392156863,5,7,,,
colon,Knockoff+,20260914,0,0,0.38461538461538464,0.5,0.34693877551020413,1.0,0.0,0,0,,,
colon,Knockoff+,20260914,1,0,0.38461538461538464,0.5,0.34693877551020413,1.0,0.0,0,0,,,
colon,Knockoff+,20260914,2,0,0.3333333333333333,0.5,0.36,1.0,0.0,0,0,,,
colon,Knockoff+,20260914,3,0,0.3333333333333333,0.5,0.36,1.0,0.0,0,0,,,
colon,Knockoff+,20260914,4,0,0.3333333333333333,0.5,0.36,1.0,0.0,0,0,,,
colon,Knockoff+,20260915,0,0,0.38461538461538464,0.5,0.34693877551020413,1.0,0.0,0,0,,,
colon,Knockoff+,20260915,1,0,0.38461538461538464,0.5,0.34693877551020413,1.0,0.0,0,0,,,
colon,Knockoff+,20260915,2,0,0.3333333333333333,0.5,0.36,1.0,0.0,0,0,,,
colon,Knockoff+,20260915,3,0,0.3333333333333333,0.5,0.36,1.0,0.0,0,0,,,
colon,Knockoff+,20260915,4,0,0.3333333333333333,0.5,0.36,1.0,0.0,0,0,,,
colon,Knockoff+,20260916,0,0,0.38461538461538464,0.5,0.34693877551020413,1.0,0.0,0,0,,,
colon,Knockoff+,20260916,1,0,0.38461538461538464,0.5,0.34693877551020413,1.0,0.0,0,0,,,
colon,Knockoff+,20260916,2,0,0.3333333333333333,0.5,0.36,1.0,0.0,0,0,,,
colon,Knockoff+,20260916,3,0,0.3333333333333333,0.5,0.36,1.0,0.0,0,0,,,
colon,Knockoff+,20260916,4,0,0.3333333333333333,0.5,0.36,1.0,0.0,0,0,,,
colon,Knockoff+,20260917,0,0,0.38461538461538464,0.5,0.34693877551020413,1.0,0.0,0,0,,,
colon,Knockoff+,20260917,1,0,0.38461538461538464,0.5,0.34693877551020413,1.0,0.0,0,0,,,
colon,Knockoff+,20260917,2,0,0.3333333333333333,0.5,0.36,1.0,0.0,0,0,,,
colon,Knockoff+,20260917,3,0,0.3333333333333333,0.5,0.36,1.0,0.0,0,0,,,
colon,Knockoff+,20260917,4,0,0.3333333333333333,0.5,0.36,1.0,0.0,0,0,,,
colon,Knockoff+,20260918,0,0,0.38461538461538464,0.5,0.34693877551020413,1.0,0.0,0,0,,,
colon,Knockoff+,20260918,1,0,0.38461538461538464,0.5,0.34693877551020413,1.0,0.0,0,0,,,
colon,Knockoff+,20260918,2,0,0.3333333333333333,0.5,0.36,1.0,0.0,0,0,,,
colon,Knockoff+,20260918,3,0,0.3333333333333333,0.5,0.36,1.0,0.0,0,0,,,
colon,Knockoff+,20260918,4,0,0.3333333333333333,0.5,0.36,1.0,0.0,0,0,,,
colon,Knockoff+,20260919,0,0,0.38461538461538464,0.5,0.34693877551020413,1.0,0.0,0,0,,,
colon,Knockoff+,20260919,1,0,0.38461538461538464,0.5,0.34693877551020413,1.0,0.0,0,0,,,
colon,Knockoff+,20260919,2,0,0.3333333333333333,0.5,0.36,1.0,0.0,0,0,,,
colon,Knockoff+,20260919,3,0,0.3333333333333333,0.5,0.36,1.0,0.0,0,0,,,
colon,Knockoff+,20260919,4,0,0.3333333333333333,0.5,0.36,1.0,0.0,0,0,,,
colon,Knockoff+,20260920,0,0,0.38461538461538464,0.5,0.34693877551020413,1.0,0.0,0,0,,,
colon,Knockoff+,20260920,1,0,0.38461538461538464,0.5,0.34693877551020413,1.0,0.0,0,0,,,
colon,Knockoff+,20260920,2,0,0.3333333333333333,0.5,0.36,1.0,0.0,0,0,,,
colon,Knockoff+,20260920,3,0,0.3333333333333333,0.5,0.36,1.0,0.0,0,0,,,
colon,Knockoff+,20260920,4,0,0.3333333333333333,0.5,0.36,1.0,0.0,0,0,,,
colon,Knockoff+,20260921,0,0,0.38461538461538464,0.5,0.34693877551020413,1.0,0.0,0,0,,,
colon,Knockoff+,20260921,1,0,0.38461538461538464,0.5,0.34693877551020413,1.0,0.0,0,0,,,
colon,Knockoff+,20260921,2,0,0.3333333333333333,0.5,0.36,1.0,0.0,0,0,,,
colon,Knockoff+,20260921,3,0,0.3333333333333333,0.5,0.36,1.0,0.0,0,0,,,
colon,Knockoff+,20260921,4,0,0.3333333333333333,0.5,0.36,1.0,0.0,0,0,,,
colon,Knockoff+,20260922,0,0,0.38461538461538464,0.5,0.34693877551020413,1.0,0.0,0,0,,,
colon,Knockoff+,20260922,1,0,0.38461538461538464,0.5,0.34693877551020413,1.0,0.0,0,0,,,
colon,Knockoff+,20260922,2,0,0.3333333333333333,0.5,0.36,1.0,0.0,0,0,,,
colon,Knockoff+,20260922,3,0,0.3333333333333333,0.5,0.36,1.0,0.0,0,0,,,
colon,Knockoff+,20260922,4,0,0.3333333333333333,0.5,0.36,1.0,0.0,0,0,,,
colon,Knockoff+,20260923,0,0,0.38461538461538464,0.5,0.34693877551020413,1.0,0.0,0,0,,,
colon,Knockoff+,20260923,1,0,0.38461538461538464,0.5,0.34693877551020413,1.0,0.0,0,0,,,
colon,Knockoff+,20260923,2,0,0.3333333333333333,0.5,0.36,1.0,0.0,0,0,,,
colon,Knockoff+,20260923,3,0,0.3333333333333333,0.5,0.36,1.0,0.0,0,0,,,
colon,Knockoff+,20260923,4,0,0.3333333333333333,0.5,0.36,1.0,0.0,0,0,,,
colon,Knockoff,20260914,0,0,0.38461538461538464,0.5,0.34693877551020413,1.0,0.0,0,0,,,
colon,Knockoff,20260914,1,2,0.07692307692307693,0.1,0.34693877551020413,0.0821078431372549,0.9087132352941176,1,1,,,
colon,Knockoff,20260914,2,1,0.25,0.3125,0.36,0.17647058823529413,0.8194117647058823,1,1,,,
colon,Knockoff,20260914,3,1,0.16666666666666666,0.1875,0.36,0.13970588235294118,0.8559926470588236,1,1,,,
colon,Knockoff,20260914,4,2,0.16666666666666666,0.1875,0.36,0.09926470588235294,0.8917279411764706,1,1,,,
colon,Knockoff,20260915,0,0,0.38461538461538464,0.5,0.34693877551020413,1.0,0.0,0,0,,,
colon,Knockoff,20260915,1,0,0.38461538461538464,0.5,0.34693877551020413,1.0,0.0,0,0,,,
colon,Knockoff,20260915,2,0,0.3333333333333333,0.5,0.36,1.0,0.0,0,0,,,
colon,Knockoff,20260915,3,0,0.3333333333333333,0.5,0.36,1.0,0.0,0,0,,,
colon,Knockoff,20260915,4,0,0.3333333333333333,0.5,0.36,1.0,0.0,0,0,,,
colon,Knockoff,20260916,0,0,0.38461538461538464,0.5,0.34693877551020413,1.0,0.0,0,0,,,
colon,Knockoff,20260916,1,0,0.38461538461538464,0.5,0.34693877551020413,1.0,0.0,0,0,,,
colon,Knockoff,20260916,2,3,0.08333333333333333,0.0625,0.36,0.1213235294117647,0.8654963235294117,1,1,,,
colon,Knockoff,20260916,3,1,0.25,0.3125,0.36,0.13970588235294118,0.8559926470588236,1,1,,,
colon,Knockoff,20260916,4,0,0.3333333333333333,0.5,0.36,1.0,0.0,0,0,,,
colon,Knockoff,20260917,0,0,0.38461538461538464,0.5,0.34693877551020413,1.0,0.0,0,0,,,
colon,Knockoff,20260917,1,1,0.15384615384615385,0.2,0.34693877551020413,0.14583333333333334,0.8498958333333333,1,1,,,
colon,Knockoff,20260917,2,1,0.08333333333333333,0.125,0.36,0.22181372549019607,0.7742953431372549,1,1,,,
colon,Knockoff,20260917,3,1,0.16666666666666666,0.25,0.36,0.11887254901960785,0.8767218137254902,1,1,,,
colon,Knockoff,20260917,4,0,0.3333333333333333,0.5,0.36,1.0,0.0,0,0,,,
colon,Knockoff,20260918,0,1,0.15384615384615385,0.125,0.34693877551020413,0.14460784313725492,0.8511151960784313,1,1,,,
colon,Knockoff,20260918,1,0,0.38461538461538464,0.5,0.34693877551020413,1.0,0.0,0,0,,,
colon,Knockoff,20260918,2,0,0.3333333333333333,0.5,0.36,1.0,0.0,0,0,,,
colon,Knockoff,20260918,3,1,0.3333333333333333,0.4375,0.36,0.16053921568627452,0.8352634803921569,1,1,,,
colon,Knockoff,20260918,4,0,0.3333333333333333,0.5,0.36,1.0,0.0,0,0,,,
colon,Knockoff,20260919,0,2,0.3076923076923077,0.325,0.34693877551020413,0.10049019607843139,0.8905147058823529,1,1,,,
colon,Knockoff,20260919,1,1,0.3076923076923077,0.325,0.34693877551020413,0.10416666666666667,0.8913541666666667,1,1,,,
colon,Knockoff,20260919,2,1,0.16666666666666666,0.25,0.36,0.18137254901960786,0.8145343137254901,1,1,,,
colon,Knockoff,20260919,3,0,0.3333333333333333,0.5,0.36,1.0,0.0,0,0,,,
colon,Knockoff,20260919,4,0,0.3333333333333333,0.5,0.36,1.0,0.0,0,0,,,
colon,Knockoff,20260920,0,2,0.07692307692307693,0.0625,0.34693877551020413,0.07965686274509805,0.9111397058823529,1,1,,,
colon,Knockoff,20260920,1,2,0.07692307692307693,0.1,0.34693877551020413,0.18382352941176472,0.8080147058823529,1,1,,,
colon,Knockoff,20260920,2,2,0.16666666666666666,0.125,0.36,0.12009803921568628,0.8711029411764706,1,1,,,
colon,Knockoff,20260920,3,0,0.3333333333333333,0.5,0.36,1.0,0.0,0,0,,,
colon,Knockoff,20260920,4,5,0.25,0.3125,0.36,0.0784313725490196,0.8985294117647059,1,1,,,
colon,Knockoff,20260921,0,0,0.38461538461538464,0.5,0.34693877551020413,1.0,0.0,0,0,,,
colon,Knockoff,20260921,1,0,0.38461538461538464,0.5,0.34693877551020413,1.0,0.0,0,0,,,
colon,Knockoff,20260921,2,4,0.08333333333333333,0.0625,0.36,0.10171568627450982,0.8803186274509804,1,1,,,
colon,Knockoff,20260921,3,0,0.3333333333333333,0.5,0.36,1.0,0.0,0,0,,,
colon,Knockoff,20260921,4,0,0.3333333333333333,0.5,0.36,1.0,0.0,0,0,,,
colon,Knockoff,20260922,0,0,0.38461538461538464,0.5,0.34693877551020413,1.0,0.0,0,0,,,
colon,Knockoff,20260922,1,1,0.23076923076923078,0.2625,0.34693877551020413,0.1433823529411765,0.8523345588235294,1,1,,,
colon,Knockoff,20260922,2,0,0.3333333333333333,0.5,0.36,1.0,0.0,0,0,,,
colon,Knockoff,20260922,3,4,0.25,0.3125,0.36,0.07965686274509805,0.9019362745098038,1,1,,,
colon,Knockoff,20260922,4,1,0.08333333333333333,0.0625,0.36,0.16176470588235295,0.8340441176470589,1,1,,,
colon,Knockoff,20260923,0,0,0.38461538461538464,0.5,0.34693877551020413,1.0,0.0,0,0,,,
colon,Knockoff,20260923,1,1,0.3076923076923077,0.25,0.34693877551020413,0.10171568627450982,0.8937928921568628,1,1,,,
colon,Knockoff,20260923,2,3,0.25,0.3125,0.36,0.08088235294117647,0.9053308823529411,1,1,,,
colon,Knockoff,20260923,3,1,0.25,0.3125,0.36,0.10171568627450982,0.8937928921568628,1,1,,,
colon,Knockoff,20260923,4,0,0.3333333333333333,0.5,0.36,1.0,0.0,0,0,,,
